source_id,actual_path,document_type,chapter_or_section,title,topics,question_count,solution_count,formula_count,content_length,content_hash,extraction_status,extracted_records
SRC-MD-B08A1BE0417C,sources/activities/Activity_1.md,activity,cumulative,Activity 1,"[""factoring"", ""functions"", ""polynomials""]",9,0,9,1395,b08a1be0417c920372f6810322565559371c3ec0ce13467956513fbe4fe22da2,complete,"[{""record_type"": ""question"", ""label"": ""Q.1"", ""content"": ""Simplify the expression \\[ 5x-\\[3-4(x-2)\\]. \\]""}, {""record_type"": ""question"", ""label"": ""Q.2"", ""content"": ""Simplify the expression shown on the activity sheet involving \\[\n3x,`\\quad 2`{=tex},`\\quad `{=tex}10y,`\\quad `{=tex}5y,`\\quad `{=tex}6x\n\\] and division signs.\n\n> The source extraction does not preserve the fraction layout clearly\n> enough to reconstruct Q.2 one-for-one without guessing, so the\n> ambiguous layout is explicitly retained rather than silently\n> corrected.""}, {""record_type"": ""question"", ""label"": ""Q.3"", ""content"": ""Convert to scientific notation: \\[ -0.00052. \\]""}, {""record_type"": ""question"", ""label"": ""Q.4"", ""content"": ""Simplify the expression \\[\n`\\left`{=tex}(`\\frac{3x}{2yz}`{=tex}`\\right`{=tex})\\^2 `\\cdot`{=tex}\n`\\left`{=tex}(`\\frac{y^{-1}z}{x^5}`{=tex}`\\right`{=tex}) \\] and write\nyour answer with only positive exponents.""}, {""record_type"": ""question"", ""label"": ""Q.5"", ""content"": ""Simplify the expression \\[\n`\\sqrt[3]{16x^5y^3}`{=tex}`\\cdot`{=tex}`\\sqrt[3]{xy}`{=tex}. \\]""}, {""record_type"": ""question"", ""label"": ""Q.6"", ""content"": ""Rationalize the denominator of the expression shown on the sheet\ninvolving \\[ 2x,`\\quad `{=tex}2y,`\\quad `{=tex}`\\sqrt[3]{y^4}`{=tex}. \\]\n\n> The source extraction compresses the fraction layout on Q.6, so no\n> unsupported rearrangement has been inserted.""}, {""record_type"": ""question"", ""label"": ""Q.7"", ""content"": ""Factor the polynomial \\[ x^6-27y^3. \\]""}, {""record_type"": ""question"", ""label"": ""Q.8"", ""content"": ""Expand and simplify \\[ (3x-4y)(xy-6x\\^2). \\]""}, {""record_type"": ""question"", ""label"": ""Q.9"", ""content"": ""Express as a polynomial: \\[\n(`\\sqrt{x}`{=tex}+`\\sqrt{y}`{=tex})(`\\sqrt{x}`{=tex}-`\\sqrt{y}`{=tex}).\n\\]""}, {""record_type"": ""formula"", ""label"": ""formula-1"", ""content"": ""5x-\\[3-4(x-2)""}, {""record_type"": ""formula"", ""label"": ""formula-2"", ""content"": ""3x,`\\quad 2`{=tex},`\\quad `{=tex}10y,`\\quad `{=tex}5y,`\\quad `{=tex}6x""}, {""record_type"": ""formula"", ""label"": ""formula-3"", ""content"": ""-0.00052.""}, {""record_type"": ""formula"", ""label"": ""formula-4"", ""content"": ""`\\left`{=tex}(`\\frac{3x}{2yz}`{=tex}`\\right`{=tex})\\^2 `\\cdot`{=tex}\n`\\left`{=tex}(`\\frac{y^{-1}z}{x^5}`{=tex}`\\right`{=tex})""}, {""record_type"": ""formula"", ""label"": ""formula-5"", ""content"": ""`\\sqrt[3]{16x^5y^3}`{=tex}`\\cdot`{=tex}`\\sqrt[3]{xy}`{=tex}.""}, {""record_type"": ""formula"", ""label"": ""formula-6"", ""content"": ""2x,`\\quad `{=tex}2y,`\\quad `{=tex}`\\sqrt[3]{y^4}`{=tex}.""}, {""record_type"": ""formula"", ""label"": ""formula-7"", ""content"": ""x^6-27y^3.""}, {""record_type"": ""formula"", ""label"": ""formula-8"", ""content"": ""(3x-4y)(xy-6x\\^2).""}, {""record_type"": ""formula"", ""label"": ""formula-9"", ""content"": ""(`\\sqrt{x}`{=tex}+`\\sqrt{y}`{=tex})(`\\sqrt{x}`{=tex}-`\\sqrt{y}`{=tex}).""}, {""record_type"": ""topic"", ""label"": ""factoring"", ""content"": ""factoring""}, {""record_type"": ""topic"", ""label"": ""functions"", ""content"": ""functions""}, {""record_type"": ""topic"", ""label"": ""polynomials"", ""content"": ""polynomials""}]"
SRC-MD-A7D6598CA4E8,sources/activities/Activity_2.md,activity,cumulative,Activity 2,"[""factoring"", ""polynomials""]",4,0,4,680,a7d6598ca4e8fa627e45f57a6dc250c714d035c45d02648361091f399260935b,complete,"[{""record_type"": ""question"", ""label"": ""Q.1"", ""content"": ""Fully factor the polynomial\n\n\\[ `\\boxed{9x^2+6x+1-y^2}`{=tex}. \\]""}, {""record_type"": ""question"", ""label"": ""Q.2"", ""content"": ""Rationalize the denominator:\n\n\\[ `\\boxed{\n\\frac{16x^2-y^2}{2\\sqrt{x}-\\sqrt{y}}\n}`{=tex} \\]""}, {""record_type"": ""question"", ""label"": ""Q.3"", ""content"": ""Simplify the following expression:\n\n\\[ `\\boxed{\n\\frac{\n(3x+2)^{1/2}(2x+3)^{-2/3}\n-\n(2x+3)^{1/3}(3x+2)^{-1/2}\n}{\n3x+2\n}\n}`{=tex} \\]""}, {""record_type"": ""question"", ""label"": ""Q.4"", ""content"": ""Express as a sum of terms of the form (ax\\^r), where (a) is a real\nnumber and (r) is a rational number:\n\n\\[ `\\boxed{\n\\frac{(\\sqrt{x}-3)^2}{x^3}\n}`{=tex} \\]""}, {""record_type"": ""formula"", ""label"": ""formula-1"", ""content"": ""`\\boxed{9x^2+6x+1-y^2}`{=tex}.""}, {""record_type"": ""formula"", ""label"": ""formula-2"", ""content"": ""`\\boxed{\n\\frac{16x^2-y^2}{2\\sqrt{x}-\\sqrt{y}}\n}`{=tex}""}, {""record_type"": ""formula"", ""label"": ""formula-3"", ""content"": ""`\\boxed{\n\\frac{\n(3x+2)^{1/2}(2x+3)^{-2/3}\n-\n(2x+3)^{1/3}(3x+2)^{-1/2}\n}{\n3x+2\n}\n}`{=tex}""}, {""record_type"": ""formula"", ""label"": ""formula-4"", ""content"": ""`\\boxed{\n\\frac{(\\sqrt{x}-3)^2}{x^3}\n}`{=tex}""}, {""record_type"": ""topic"", ""label"": ""factoring"", ""content"": ""factoring""}, {""record_type"": ""topic"", ""label"": ""polynomials"", ""content"": ""polynomials""}]"
SRC-MD-EDF108F3A463,sources/activities/Activity_3.md,activity,cumulative,Activity 3,"[""completing the square"", ""equations""]",7,0,6,1421,edf108f3a4631b1903128662462ad615e57dd10ff24278f3f263fe39da8534a5,complete,"[{""record_type"": ""question"", ""label"": ""Q.1"", ""content"": ""Solve the equation:\n\n\\[ `\\boxed{\n\\frac{3}{7x-2}\n=\n\\frac{9}{3x+1}\n}`{=tex} \\]""}, {""record_type"": ""question"", ""label"": ""Q.2 --- Lawn Mowing Rates"", ""content"": ""It takes a boy **90 minutes** to mow the lawn, but his sister can mow it\nin **60 minutes**.\n\nHow long would it take them to mow the lawn if they worked together,\nusing two lawn mowers?""}, {""record_type"": ""question"", ""label"": ""Q.3"", ""content"": ""Complete the square:\n\n\\[ `\\boxed{4x^2-12-11}`{=tex} \\]\n\n> The source itself visibly prints the expression this way; no missing\n> variable has been inserted.""}, {""record_type"": ""question"", ""label"": ""Q.4"", ""content"": ""Solve for (x) in terms of (y):\n\n\\[ `\\boxed{\n4x^2-4xy+1-y^2=0\n}`{=tex} \\]""}, {""record_type"": ""question"", ""label"": ""Q.5 --- Distance Between Airplanes"", ""content"": ""An airplane flying north at **200 mi/hr** passed over a point on the\nground at **2:00 P.M.**\n\nAnother airplane at the same altitude passed over the same point at\n**2:30 P.M.**, flying east at **400 mi/hr**.""}, {""record_type"": ""question"", ""label"": ""Q.6"", ""content"": ""Write as a single number of the form\n\n\\[ a+bi \\]\n\nwith (a) and (b) real:\n\n\\[ `\\boxed{\n\\frac{-3-2i}{5+2i}\n}`{=tex} \\]""}, {""record_type"": ""question"", ""label"": ""Q.7"", ""content"": ""Find all real values of (x) and (y) satisfying\n\n\\[ `\\boxed{\n(x-y)+3i=7+yi\n}`{=tex} \\]""}, {""record_type"": ""formula"", ""label"": ""formula-1"", ""content"": ""`\\boxed{\n\\frac{3}{7x-2}\n=\n\\frac{9}{3x+1}\n}`{=tex}""}, {""record_type"": ""formula"", ""label"": ""formula-2"", ""content"": ""`\\boxed{4x^2-12-11}`{=tex}""}, {""record_type"": ""formula"", ""label"": ""formula-3"", ""content"": ""`\\boxed{\n4x^2-4xy+1-y^2=0\n}`{=tex}""}, {""record_type"": ""formula"", ""label"": ""formula-4"", ""content"": ""a+bi""}, {""record_type"": ""formula"", ""label"": ""formula-5"", ""content"": ""`\\boxed{\n\\frac{-3-2i}{5+2i}\n}`{=tex}""}, {""record_type"": ""formula"", ""label"": ""formula-6"", ""content"": ""`\\boxed{\n(x-y)+3i=7+yi\n}`{=tex}""}, {""record_type"": ""topic"", ""label"": ""completing the square"", ""content"": ""completing the square""}, {""record_type"": ""topic"", ""label"": ""equations"", ""content"": ""equations""}]"
SRC-MD-78175BDBFC4F,sources/activities/Activity_4.md,activity,cumulative,Activity 4,"[""function composition"", ""functions"", ""inverse functions""]",4,0,11,1949,78175bdbfc4f50ca450b2da687b353bd5851daf6b7321901f1000153debb29bb,complete,"[{""record_type"": ""question"", ""label"": ""Q.1 --- Finding Composite Function Values from Tables"", ""content"": ""Several values of two functions (f) and (g) are listed in the following\ntables.""}, {""record_type"": ""question"", ""label"": ""Q.2 --- Volume of a Balloon Using a Composite Function"", ""content"": ""The volume of a sphere of radius (r) is\n\n\\[ `\\boxed{\nV=\\frac{4\\pi r^3}{3}\n}`{=tex}. \\]\n\nA meteorologist is inflating a spherical balloon with helium gas.\n\nIf the radius of the balloon is changing at a rate of\n\n\\[ 1.5`\\text{ cm/sec}`{=tex}, \\]\n\nexpress the volume (V) of the balloon as a function of time (t), in\nseconds.""}, {""record_type"": ""question"", ""label"": ""Q.3 --- Find the Inverses"", ""content"": ""Find the inverses of the following functions.""}, {""record_type"": ""question"", ""label"": ""Q.4 --- Graph of an Inverse Function"", ""content"": ""The graph of a one-to-one function (f) is shown in the source.""}, {""record_type"": ""formula"", ""label"": ""formula-1"", ""content"": ""`\\boxed{\n(f\\circ g)(2),\\quad\n(g\\circ f)(2),\\quad\n(f\\circ f)(2),\\quad\n(g\\circ g)(2)\n}`{=tex}""}, {""record_type"": ""formula"", ""label"": ""formula-2"", ""content"": ""`\\boxed{\nV=\\frac{4\\pi r^3}{3}\n}`{=tex}.""}, {""record_type"": ""formula"", ""label"": ""formula-3"", ""content"": ""1.5`\\text{ cm/sec}`{=tex},""}, {""record_type"": ""formula"", ""label"": ""formula-4"", ""content"": ""`\\boxed{\nf(x)=2-3x^2,\\qquad x\\le0\n}`{=tex}""}, {""record_type"": ""formula"", ""label"": ""formula-5"", ""content"": ""`\\boxed{\nf(x)=2x^3-5\n}`{=tex}""}, {""record_type"": ""formula"", ""label"": ""formula-6"", ""content"": ""f\\^{-1}.""}, {""record_type"": ""formula"", ""label"": ""formula-7"", ""content"": ""`\\boxed{y=x}`{=tex}.""}, {""record_type"": ""formula"", ""label"": ""formula-8"", ""content"": ""f\\^{-1}.""}, {""record_type"": ""formula"", ""label"": ""formula-9"", ""content"": ""`\\boxed{\\left(-1,\\frac12\\right)}`{=tex}""}, {""record_type"": ""formula"", ""label"": ""formula-10"", ""content"": ""`\\boxed{(2,4)}`{=tex}.""}, {""record_type"": ""formula"", ""label"": ""formula-11"", ""content"": ""y=x.""}, {""record_type"": ""topic"", ""label"": ""function composition"", ""content"": ""function composition""}, {""record_type"": ""topic"", ""label"": ""functions"", ""content"": ""functions""}, {""record_type"": ""topic"", ""label"": ""inverse functions"", ""content"": ""inverse functions""}]"
SRC-MD-6EBBA7A87CC9,sources/final exam review/Version_1_With_Solutions.md,practice_final_solution,cumulative,Version 1 (With Solutions),"[""logarithms"", ""radicals""]",1,1,0,1198437,6ebba7a87cc912008e9b6bbdf2c74c9db0861c3229582593ad1e775815ad4909,complete,"[{""record_type"": ""question"", ""label"": ""question-10"", ""content"": ""10 . Exact answers may contain rt or radicals or logarithms.""}, {""record_type"": ""topic"", ""label"": ""logarithms"", ""content"": ""logarithms""}, {""record_type"": ""topic"", ""label"": ""radicals"", ""content"": ""radicals""}, {""record_type"": ""solution"", ""label"": ""question-10"", ""content"": ""10 . Exact answers may contain rt or radicals or logarithms.""}]"
SRC-MD-637BE8034D95,sources/final exam review/Version_1_Without_Solutions.md,practice_final,cumulative,Version 1 (Without Solutions),"[""compound interest"", ""coordinate plane"", ""exponential functions"", ""factoring"", ""functions"", ""inequalities"", ""inverse functions"", ""lines"", ""logarithms"", ""polynomials"", ""radicals""]",25,0,0,863311,637be8034d95fd5c8879fa48f35cb89aa097b11e97891f52efe7bdf3550d14b9,complete,"[{""record_type"": ""question"", ""label"": ""question-10"", ""content"": ""10. Exact answers may contain \uf070 or radicals or logarithms.""}, {""record_type"": ""question"", ""label"": ""question-13"", ""content"": ""1.   Simplify.                                                                                           (1.2 #29)""}, {""record_type"": ""question"", ""label"": ""question-14"", ""content"": ""2.   Factor the polynomial.                                                                              (1.3 #97)""}, {""record_type"": ""question"", ""label"": ""question-15"", ""content"": ""3.    Simplify the expression.                                                                           (1.4 #37)""}, {""record_type"": ""question"", ""label"": ""question-16"", ""content"": ""4.   Solve for the specified variable.                                                                   (2.1 #73)""}, {""record_type"": ""question"", ""label"": ""question-17"", ""content"": ""5.   Movie attendance Six hundred people attended the premiere of a motion picture. Adult tickets cost $9,""}, {""record_type"": ""question"", ""label"": ""question-18"", ""content"": ""6.   Fencing a region A farmer plans to enclose a rectangular region, using part of his barn for one side and""}, {""record_type"": ""question"", ""label"": ""question-19"", ""content"": ""7.   Write the expression in the form a + bi , where a and b are real numbers.                               (2.4 #23)""}, {""record_type"": ""question"", ""label"": ""question-20"", ""content"": ""8.   Solve for the specified variable.                                                                       (2.5 #55)""}, {""record_type"": ""question"", ""label"": ""question-21"", ""content"": ""9.   Solve the inequality, and express the solutions in terms of intervals whenever possible.   (2.6 #33)""}, {""record_type"": ""question"", ""label"": ""question-22"", ""content"": ""10. Solve the inequality. Express the solution in interval notation.                            (2.7 #37)""}, {""record_type"": ""question"", ""label"": ""question-23"", ""content"": ""11. Given the points A(4, \u2212 3) and B(6, 2).                                                      (3.1 #9)""}, {""record_type"": ""question"", ""label"": ""question-24"", ""content"": ""12. Sketch the graph y = x \u2212 4 , and label the x- and y-intercepts.                                        (3.2 #20)""}, {""record_type"": ""question"", ""label"": ""question-25"", ""content"": ""13. For the given circle, find the x-intercepts.                                                           (3.2 #67)""}, {""record_type"": ""question"", ""label"": ""question-26"", ""content"": ""14. Given the points A(3, \u2212 1) and B( \u22122, 6).      Find an equation (in slope-intercept form) for the perpendicular""}, {""record_type"": ""question"", ""label"": ""question-27"", ""content"": ""15. Childhood growth For children between ages 6 and 10, height y (in inches) is frequently a linear function""}, {""record_type"": ""question"", ""label"": ""question-28"", ""content"": ""16. Determine whether f is even, odd, or neither even nor odd.                                             (3.5 #4)""}, {""record_type"": ""question"", ""label"": ""question-29"", ""content"": ""17. Height of a projectile An object is projected vertically upward from the top of a building with an initial""}, {""record_type"": ""question"", ""label"": ""question-30"", ""content"": ""18. Given f ( x ) =        and g ( x ) =     .                                   (3.7 #7)""}, {""record_type"": ""question"", ""label"": ""question-31"", ""content"": ""19. Given f ( x) = x 3 + 2 x 2 \u2212 4 x \u2212 8 .                                      (4.1 #23)""}, {""record_type"": ""question"", ""label"": ""question-32"", ""content"": ""20. Find the quotient and the remainder if 3x 5 + 6 x 2 + 7 is divided x + 2.                (4.2 #25)""}, {""record_type"": ""question"", ""label"": ""question-33"", ""content"": ""21. Given the one-to-one function f ( x) = 3 x + 1 , find the inverse function, f \u22121( x) .   (5.1 #37)""}, {""record_type"": ""question"", ""label"": ""question-34"", ""content"": ""22. Sketch the graphs and dash in the asymptotes.                                                       (5.3 #1)""}, {""record_type"": ""question"", ""label"": ""question-35"", ""content"": ""23. Radioactive iodine decay Radioactive iodine 131 I is frequently used in tracer studies involving the""}, {""record_type"": ""question"", ""label"": ""question-36"", ""content"": ""24. Find the exact value for the solution of the equation.                                             (5.6 #19)""}, {""record_type"": ""topic"", ""label"": ""compound interest"", ""content"": ""compound interest""}, {""record_type"": ""topic"", ""label"": ""coordinate plane"", ""content"": ""coordinate plane""}, {""record_type"": ""topic"", ""label"": ""exponential functions"", ""content"": ""exponential functions""}, {""record_type"": ""topic"", ""label"": ""factoring"", ""content"": ""factoring""}, {""record_type"": ""topic"", ""label"": ""functions"", ""content"": ""functions""}, {""record_type"": ""topic"", ""label"": ""inequalities"", ""content"": ""inequalities""}, {""record_type"": ""topic"", ""label"": ""inverse functions"", ""content"": ""inverse functions""}, {""record_type"": ""topic"", ""label"": ""lines"", ""content"": ""lines""}, {""record_type"": ""topic"", ""label"": ""logarithms"", ""content"": ""logarithms""}, {""record_type"": ""topic"", ""label"": ""polynomials"", ""content"": ""polynomials""}, {""record_type"": ""topic"", ""label"": ""radicals"", ""content"": ""radicals""}]"
SRC-MD-E73A72E1C3C7,sources/final exam review/Version_2_With_Solutions.md,practice_final_solution,cumulative,Version 2 (With Solutions)(1),"[""exponential functions"", ""logarithms"", ""radicals""]",1,1,0,1276915,e73a72e1c3c7d1dfaadbe26226c32d95ff6a6033ea6f6b0ae3f2dd392f4244f8,complete,"[{""record_type"": ""question"", ""label"": ""question-10"", ""content"": ""10. Exact answers may contain 7t or radicals or logarithms.""}, {""record_type"": ""topic"", ""label"": ""exponential functions"", ""content"": ""exponential functions""}, {""record_type"": ""topic"", ""label"": ""logarithms"", ""content"": ""logarithms""}, {""record_type"": ""topic"", ""label"": ""radicals"", ""content"": ""radicals""}, {""record_type"": ""solution"", ""label"": ""question-10"", ""content"": ""10. Exact answers may contain 7t or radicals or logarithms.""}]"
SRC-MD-6A078322AE1D,sources/final exam review/Version_2_Without_Solutions.md,practice_final,cumulative,Version 2 (Without Solutions)(1),"[""compound interest"", ""equations"", ""exponential functions"", ""functions"", ""inequalities"", ""inverse functions"", ""lines"", ""logarithms"", ""polynomials"", ""radicals""]",28,0,0,764870,6a078322ae1db719178a4a8208711f69a45f41165500c8be2dd67c1300ea3d43,complete,"[{""record_type"": ""question"", ""label"": ""question-10"", ""content"": ""10. Exact answers may contain \uf070 or radicals or logarithms.""}, {""record_type"": ""question"", ""label"": ""question-13"", ""content"": ""1.   Simplify the expression, assuming x and y may be negative.                                          (1.2 #83)""}, {""record_type"": ""question"", ""label"": ""question-14"", ""content"": ""2.   Express as a polynomial.                                                                            (1.3 #35)""}, {""record_type"": ""question"", ""label"": ""question-15"", ""content"": ""3.    Simplify the expression.                                                                           (1.4 #73)""}, {""record_type"": ""question"", ""label"": ""question-16"", ""content"": ""4.   Solve for the specified variable.                                                                   (2.1 #41)""}, {""record_type"": ""question"", ""label"": ""question-17"", ""content"": ""5.   Delivering Newspapers It takes a girl 45 minutes to deliver the newspapers on her route; however, if her""}, {""record_type"": ""question"", ""label"": ""question-18"", ""content"": ""6.   Solve for the specified variable.                                                                (2.3 #53)""}, {""record_type"": ""question"", ""label"": ""question-19"", ""content"": ""7.   Find the solutions of the equation.                                                              (2.4 #56)""}, {""record_type"": ""question"", ""label"": ""question-20"", ""content"": ""8.   Solve the equation.                                                                                (2.5 #5)""}, {""record_type"": ""question"", ""label"": ""question-21"", ""content"": ""9.   Solve the inequality, and express the solutions in terms of intervals whenever possible.         (2.6 #65)""}, {""record_type"": ""question"", ""label"": ""question-22"", ""content"": ""9.                                (4)""}, {""record_type"": ""question"", ""label"": ""question-23"", ""content"": ""10. Solve the inequality, and express the solutions in terms of intervals whenever possible.          (2.7 #31)""}, {""record_type"": ""question"", ""label"": ""question-24"", ""content"": ""11. Given the points A( \u22124, \u2212 3) and B(6,1). Find a formula that expresses the fact that an arbitrary point""}, {""record_type"": ""question"", ""label"": ""question-25"", ""content"": ""12. Sketch the graph x = \u2212 y 2 + 3 , and label the x- and y-intercepts.                               (3.2 #11)""}, {""record_type"": ""question"", ""label"": ""question-26"", ""content"": ""13. Find an equation of the circle with center C (\u22124, 6) and passing through the point P (1, 2) .     (3.2 #39)""}, {""record_type"": ""question"", ""label"": ""question-27"", ""content"": ""13.                                     (4)""}, {""record_type"": ""question"", ""label"": ""question-28"", ""content"": ""14. Find a general form of an equation of the line through the point A(7, \u2212 3) that is perpendicular to the line""}, {""record_type"": ""question"", ""label"": ""question-29"", ""content"": ""15. Given f ( x) = x 2 \u2212 x + 3 . If a and h are real numbers, find                      , if h \uf0b9 0 .           (3.4 #9)""}, {""record_type"": ""question"", ""label"": ""question-30"", ""content"": ""16. Sketch the graph of f ( x) = \uf0ed x3 if \u2212 1 \uf03c x \uf03c 1                                                   (3.5 #51)""}, {""record_type"": ""question"", ""label"": ""question-31"", ""content"": ""17. Express f ( x) = \u22123x 2 \u2212 6 x \u2212 5 in the form f ( x) = a( x \u2212 h)2 + k                                       (3.6 #9)""}, {""record_type"": ""question"", ""label"": ""question-32"", ""content"": ""17.                         (4)""}, {""record_type"": ""question"", ""label"": ""question-33"", ""content"": ""18. Given f ( x ) =        and g ( x ) =     .                                                     (3.7 #33)""}, {""record_type"": ""question"", ""label"": ""question-34"", ""content"": ""19. Find the quotient and the remainder if f ( x) = 3x 3 + 2 x \u2212 4 is divided p( x) = 2 x 2 + 1.    (4.2 #3)""}, {""record_type"": ""question"", ""label"": ""question-35"", ""content"": ""20. Determine whether f ( x) = x 2 \u2212 9 is one-to-one.                                              (5.1 #7)""}, {""record_type"": ""question"", ""label"": ""question-36"", ""content"": ""21. Sketch the graphs and dash in the asymptotes.                                        (5.2 #11g and 5.4 #40)""}, {""record_type"": ""question"", ""label"": ""question-37"", ""content"": ""22. U.S. population growth The population N (t ) (in millions) of the United States t years after 1980 may""}, {""record_type"": ""question"", ""label"": ""question-38"", ""content"": ""23. Solve the equation.                                                                                (5.5 #23)""}, {""record_type"": ""question"", ""label"": ""question-39"", ""content"": ""24. Solve the compound interest formula A = P\uf0e71 + \uf0f7           for t using natural logarithms.""}, {""record_type"": ""topic"", ""label"": ""compound interest"", ""content"": ""compound interest""}, {""record_type"": ""topic"", ""label"": ""equations"", ""content"": ""equations""}, {""record_type"": ""topic"", ""label"": ""exponential functions"", ""content"": ""exponential functions""}, {""record_type"": ""topic"", ""label"": ""functions"", ""content"": ""functions""}, {""record_type"": ""topic"", ""label"": ""inequalities"", ""content"": ""inequalities""}, {""record_type"": ""topic"", ""label"": ""inverse functions"", ""content"": ""inverse functions""}, {""record_type"": ""topic"", ""label"": ""lines"", ""content"": ""lines""}, {""record_type"": ""topic"", ""label"": ""logarithms"", ""content"": ""logarithms""}, {""record_type"": ""topic"", ""label"": ""polynomials"", ""content"": ""polynomials""}, {""record_type"": ""topic"", ""label"": ""radicals"", ""content"": ""radicals""}]"
SRC-MD-D9FB0BA95F2E,sources/final exam review/Version_3_With_Solutions.md,practice_final_solution,cumulative,Version 3 (With Solutions)(1),"[""logarithms"", ""radicals""]",1,1,0,1570639,d9fb0ba95f2e326dcd726b2b5d9ad1d0b3608513ae8a44f0035fa4e4c5d9e298,complete,"[{""record_type"": ""question"", ""label"": ""question-10"", ""content"": ""10. Exact answers may contain 1t or radicals or logarithms.""}, {""record_type"": ""topic"", ""label"": ""logarithms"", ""content"": ""logarithms""}, {""record_type"": ""topic"", ""label"": ""radicals"", ""content"": ""radicals""}, {""record_type"": ""solution"", ""label"": ""question-10"", ""content"": ""10. Exact answers may contain 1t or radicals or logarithms.""}]"
SRC-MD-47982887954E,sources/final exam review/Version_3_Without_Solutions-1.md,practice_final,cumulative,Version 3 (Without Solutions)-1(1),"[""logarithms"", ""radicals""]",0,0,0,976605,47982887954e459923a9b60f515785377bb108dff4d7fbfc799f42d140d1d62e,complete,"[{""record_type"": ""topic"", ""label"": ""logarithms"", ""content"": ""logarithms""}, {""record_type"": ""topic"", ""label"": ""radicals"", ""content"": ""radicals""}]"
SRC-MD-ED076515B937,sources/final exam review/Version_3_Without_Solutions.md,practice_final,cumulative,Version 3 (Without Solutions)(1),"[""logarithms"", ""radicals""]",0,0,0,976603,ed076515b937d9e04c3518f3405e18add533722a0898e09d94164d32f084d0d8,complete,"[{""record_type"": ""topic"", ""label"": ""logarithms"", ""content"": ""logarithms""}, {""record_type"": ""topic"", ""label"": ""radicals"", ""content"": ""radicals""}]"
SRC-MD-0127C937B999,sources/lectures/1.1.md,lecture,1.1,1.1 — Complex Numbers and Major Operations on Real Numbers,"[""absolute value"", ""complex numbers"", ""inequalities""]",1,0,43,3321,0127c937b9993b6a72bc7f1ba55658a1117868f9d27d9dd34dec0214e8d6d9b4,complete,"[{""record_type"": ""question"", ""label"": ""1.1 \u2014 Complex Numbers and Major Operations on Real Numbers"", ""content"": ""> Converted from the handwritten source PDF. The wording, examples, and mathematical relationships are preserved as closely as possible in Markdown.\n\n---""}, {""record_type"": ""formula"", ""label"": ""formula-1"", ""content"": ""\\text{Complex Numbers}""}, {""record_type"": ""formula"", ""label"": ""formula-2"", ""content"": ""-2,\\ \\sqrt{5},\\ 0.333\\ldots,\\ \\pi""}, {""record_type"": ""formula"", ""label"": ""formula-3"", ""content"": ""-2,\\ 0.333\\ldots,\\ \\frac{\\pi}{3}""}, {""record_type"": ""formula"", ""label"": ""formula-4"", ""content"": ""0,\\ -2,\\ 9,\\ 1,\\ 2""}, {""record_type"": ""formula"", ""label"": ""formula-5"", ""content"": ""\\sqrt{5},\\ \\pi,\\ e""}, {""record_type"": ""formula"", ""label"": ""formula-6"", ""content"": ""+,\\ \\times,\\ -,\\ \\div""}, {""record_type"": ""formula"", ""label"": ""formula-7"", ""content"": ""+,\\ \\times""}, {""record_type"": ""formula"", ""label"": ""formula-8"", ""content"": ""a+b=b+a""}, {""record_type"": ""formula"", ""label"": ""formula-9"", ""content"": ""ab=ba""}, {""record_type"": ""formula"", ""label"": ""formula-10"", ""content"": ""(a+b)+c=a+(b+c)""}, {""record_type"": ""formula"", ""label"": ""formula-11"", ""content"": ""(ab)c=a(bc)""}, {""record_type"": ""formula"", ""label"": ""formula-12"", ""content"": ""a+0=a""}, {""record_type"": ""formula"", ""label"": ""formula-13"", ""content"": ""a\\cdot1=a""}, {""record_type"": ""formula"", ""label"": ""formula-14"", ""content"": ""a+(-a)=0""}, {""record_type"": ""formula"", ""label"": ""formula-15"", ""content"": ""a\\cdot\\frac{1}{a}=1""}, {""record_type"": ""formula"", ""label"": ""formula-16"", ""content"": ""a(b+c)=ab+ac""}, {""record_type"": ""formula"", ""label"": ""formula-17"", ""content"": ""a\\cdot b""}, {""record_type"": ""formula"", ""label"": ""formula-18"", ""content"": ""ab""}, {""record_type"": ""formula"", ""label"": ""formula-19"", ""content"": ""-a=(-1)a""}, {""record_type"": ""formula"", ""label"": ""formula-20"", ""content"": ""-(-5)=5?""}, {""record_type"": ""formula"", ""label"": ""formula-21"", ""content"": ""(-2)(-3)=6?""}, {""record_type"": ""formula"", ""label"": ""formula-22"", ""content"": ""a-b=a+(-b)""}, {""record_type"": ""formula"", ""label"": ""formula-23"", ""content"": ""a\\div b=a\\cdot\\frac{1}{b}""}, {""record_type"": ""formula"", ""label"": ""formula-24"", ""content"": ""\\frac{a}{b}""}, {""record_type"": ""formula"", ""label"": ""formula-25"", ""content"": ""\\frac{2}{5}+\\left(-\\frac{1}{3}\\right)""}, {""record_type"": ""formula"", ""label"": ""formula-26"", ""content"": ""\\frac{2}{5}-\\frac{1}{3}\n=\n\\frac{2\\cdot3}{5\\cdot3}\n-\n\\frac{1\\cdot5}{3\\cdot5}""}, {""record_type"": ""formula"", ""label"": ""formula-27"", ""content"": ""=\n\\frac{6}{15}-\\frac{5}{15}""}, {""record_type"": ""formula"", ""label"": ""formula-28"", ""content"": ""=\n\\frac{1}{15}""}, {""record_type"": ""formula"", ""label"": ""formula-29"", ""content"": ""-4,\\ -3,\\ -2,\\ -1,\\ 0,\\ 1,\\ 2,\\ 3,\\ 4,\\ 5""}, {""record_type"": ""formula"", ""label"": ""formula-30"", ""content"": ""1\\ \\_\\_\\ -4""}, {""record_type"": ""formula"", ""label"": ""formula-31"", ""content"": ""1>-4""}, {""record_type"": ""formula"", ""label"": ""formula-32"", ""content"": ""-4<1""}, {""record_type"": ""formula"", ""label"": ""formula-33"", ""content"": ""a""}, {""record_type"": ""formula"", ""label"": ""formula-34"", ""content"": ""-a""}, {""record_type"": ""formula"", ""label"": ""formula-35"", ""content"": ""|a-b|""}, {""record_type"": ""formula"", ""label"": ""formula-36"", ""content"": ""2{,}004 = 2.004\\times10^3""}, {""record_type"": ""formula"", ""label"": ""formula-37"", ""content"": ""550 = 5.50\\times10^2""}, {""record_type"": ""formula"", ""label"": ""formula-38"", ""content"": ""-550 = -5.50\\times10^2""}, {""record_type"": ""formula"", ""label"": ""formula-39"", ""content"": ""0.0305 = 3.05\\times10^{-2}""}, {""record_type"": ""formula"", ""label"": ""formula-40"", ""content"": ""a\\times10^n""}, {""record_type"": ""formula"", ""label"": ""formula-41"", ""content"": ""1\\le a<10""}, {""record_type"": ""formula"", ""label"": ""formula-42"", ""content"": ""10,\\ 100,\\ 1000,\\ 10000""}, {""record_type"": ""formula"", ""label"": ""formula-43"", ""content"": ""10^1,\\ 10^2,\\ 10^3,\\ 10^4""}, {""record_type"": ""topic"", ""label"": ""absolute value"", ""content"": ""absolute value""}, {""record_type"": ""topic"", ""label"": ""complex numbers"", ""content"": ""complex numbers""}, {""record_type"": ""topic"", ""label"": ""inequalities"", ""content"": ""inequalities""}]"
SRC-MD-E87AC06D818D,sources/lectures/1.2.md,lecture,1.2,1.2 --- Exponents and Radicals,"[""absolute value"", ""factoring"", ""radicals""]",1,0,46,5154,e87ac06d818d21222bd911e1f1756d5723854732b65355f72e473649297c8798,complete,"[{""record_type"": ""question"", ""label"": ""1.2 --- Exponents and Radicals"", ""content"": ""> One-for-one Markdown conversion of the handwritten lecture notes.\n> Content is kept in source order.\n\n------------------------------------------------------------------------""}, {""record_type"": ""example"", ""label"": ""Examples"", ""content"": ""\\[ 3\\^1=3 \\]\n\n\\[ 3\\^2=3`\\cdot3`{=tex}=9 \\]\n\n\\[ 3\\^3=3`\\cdot3`{=tex}`\\cdot3`{=tex}=27 \\]\n\n\\[ 3\\^0=1 \\]\n\n\\[ 3\\^{-1}=`\\frac{1}{3^1}`{=tex}=`\\frac13`{=tex} \\]\n\n\\[ 3\\^{-2}=`\\frac{1}{3^2}`{=tex}=`\\frac19`{=tex} \\]\n\n------------------------------------------------------------------------""}, {""record_type"": ""example"", ""label"": ""Example --- Expand & Simplify"", ""content"": ""\\[ `\\left`{=tex}(`\\frac{2r^2}{s}`{=tex}`\\right`{=tex})\\^3 `\\cdot`{=tex}\n`\\left`{=tex}(`\\frac{rs}{t}`{=tex}`\\right`{=tex})\\^2 \\]\n\n------------------------------------------------------------------------""}, {""record_type"": ""example"", ""label"": ""Examples"", ""content"": ""\\[ `\\sqrt[3]{x}`{=tex}=x\\^{1/3} \\]\n\n\\[ `\\sqrt{\\frac13}`{=tex} =\n`\\left`{=tex}(`\\frac13`{=tex}`\\right`{=tex})\\^{1/2} = 3\\^{-1/2} \\]\n\n\\[ `\\sqrt[5]{2^2}`{=tex} = (2^2)^{1/5} = 2\\^{2/5} \\]\n\nUsing the rules of exponents, we get similar rules for radicals:\n\n\\[ `\\sqrt[n]{ab}`{=tex} = `\\sqrt[n]{a}`{=tex}`\\sqrt[n]{b}`{=tex} \\]\n\n\\[ `\\sqrt[n]{\\frac{a}{b}}`{=tex} =\n`\\frac{\\sqrt[n]{a}}{\\sqrt[n]{b}}`{=tex} \\]\n\n\\[ `\\sqrt[n]{\\sqrt[m]{a}}`{=tex} = `\\sqrt[nm]{a}`{=tex} \\]\n\n------------------------------------------------------------------------""}, {""record_type"": ""example"", ""label"": ""Example --- Simplify"", ""content"": ""\\[ `\\sqrt[3]{16x^3y^8z^4}`{=tex} \\]\n\nRewrite (16) as (2\\^4):\n\n\\[ `\\sqrt[3]{2^4x^3y^8z^4}`{=tex} \\]\n\nSeparate factors that contain complete cubes:\n\n\\[ =2`\\sqrt[3]{2x^3y^8z^4}`{=tex} \\]\n\n\\[ =2x`\\sqrt[3]{2y^8z^4}`{=tex} \\]\n\n\\[ =2xy\\^2`\\sqrt[3]{2y^2z^4}`{=tex} \\]\n\n\\[ =2xy\\^2z`\\sqrt[3]{2y^2z}`{=tex} \\]\n\nThe notes also show the same simplification using fractional exponents:\n\n\\[ (16x^3y^8z^4)^{1/3} \\]\n\n\\[ =16^{1/3}x^1y^{8/3}z^{4/3} \\]\n\nand then splitting the improper fractional exponents into integer and\nfractional parts to obtain the same simplified radical form.\n\n------------------------------------------------------------------------""}, {""record_type"": ""example"", ""label"": ""Example"", ""content"": ""\\[ `\\sqrt[5]{\\frac{x}{y^2}}`{=tex} \\]\n\nThe goal is to **rationalize the denominator**.\n\nFirst separate the quotient:\n\n\\[ `\\sqrt[5]{\\frac{x}{y^2}}`{=tex} =\n`\\frac{\\sqrt[5]{x}}{\\sqrt[5]{y^2}}`{=tex} \\]\n\nThe notes identify:\n\n\\[ n=5,`\\qquad `{=tex}b=y,`\\qquad `{=tex}k=2 \\]\n\nMultiply by the needed fifth root so the denominator becomes a full\nfifth power:\n\n\\[ `\\frac{\\sqrt[5]{x}}{\\sqrt[5]{y^2}}`{=tex} `\\cdot`{=tex}\n`\\frac{\\sqrt[5]{y^3}}{\\sqrt[5]{y^3}}`{=tex} \\]\n\nTherefore,""}, {""record_type"": ""example"", ""label"": ""Example --- Simplify"", ""content"": ""The handwritten expression is:\n\n\\[ `\\left`{=tex}(`\\frac{x^6}{9y^{-4}}`{=tex}`\\right`{=tex})\\^{-1/2} \\]\n\nUsing the negative exponent:""}, {""record_type"": ""formula"", ""label"": ""formula-1"", ""content"": ""a\\^n=`\\underbrace{a\\cdot a\\cdots a}`{=tex}\\_{n`\\text{ copies}`{=tex}}""}, {""record_type"": ""formula"", ""label"": ""formula-2"", ""content"": ""n`\\cdot `{=tex}a=`\\underbrace{a+a+\\cdots+a}`{=tex}\\_{n`\\text{ copies}`{=tex}}""}, {""record_type"": ""formula"", ""label"": ""formula-3"", ""content"": ""3\\^1=3""}, {""record_type"": ""formula"", ""label"": ""formula-4"", ""content"": ""3\\^2=3`\\cdot3`{=tex}=9""}, {""record_type"": ""formula"", ""label"": ""formula-5"", ""content"": ""3\\^3=3`\\cdot3`{=tex}`\\cdot3`{=tex}=27""}, {""record_type"": ""formula"", ""label"": ""formula-6"", ""content"": ""3\\^0=1""}, {""record_type"": ""formula"", ""label"": ""formula-7"", ""content"": ""3\\^{-1}=`\\frac{1}{3^1}`{=tex}=`\\frac13`{=tex}""}, {""record_type"": ""formula"", ""label"": ""formula-8"", ""content"": ""3\\^{-2}=`\\frac{1}{3^2}`{=tex}=`\\frac19`{=tex}""}, {""record_type"": ""formula"", ""label"": ""formula-9"", ""content"": ""a^n`\\cdot `{=tex}a^m=a\\^{n+m}""}, {""record_type"": ""formula"", ""label"": ""formula-10"", ""content"": ""`\\frac{a^n}{a^m}`{=tex}=a\\^{n-m}""}, {""record_type"": ""formula"", ""label"": ""formula-11"", ""content"": ""(a^n)^m=a\\^{n`\\cdot `{=tex}m}""}, {""record_type"": ""formula"", ""label"": ""formula-12"", ""content"": ""(a`\\cdot `{=tex}b)^n=a^n`\\cdot `{=tex}b\\^n""}, {""record_type"": ""formula"", ""label"": ""formula-13"", ""content"": ""`\\left`{=tex}(`\\frac{a}{b}`{=tex}`\\right`{=tex})\\^n=`\\frac{a^n}{b^n}`{=tex}""}, {""record_type"": ""formula"", ""label"": ""formula-14"", ""content"": ""`\\left`{=tex}(`\\frac{2r^2}{s}`{=tex}`\\right`{=tex})\\^3 `\\cdot`{=tex}\n`\\left`{=tex}(`\\frac{rs}{t}`{=tex}`\\right`{=tex})\\^2""}, {""record_type"": ""formula"", ""label"": ""formula-15"", ""content"": ""`\\sqrt[n]{a}`{=tex}""}, {""record_type"": ""formula"", ""label"": ""formula-16"", ""content"": ""`\\left`{=tex}(`\\sqrt[n]{a}`{=tex}`\\right`{=tex})\\^n=a.""}, {""record_type"": ""formula"", ""label"": ""formula-17"", ""content"": ""`\\sqrt[2]{-4}`{=tex}""}, {""record_type"": ""formula"", ""label"": ""formula-18"", ""content"": ""`\\sqrt[2]{4}`{=tex}=`\\sqrt4`{=tex}""}, {""record_type"": ""formula"", ""label"": ""formula-19"", ""content"": ""a`\\ge0`{=tex}""}, {""record_type"": ""formula"", ""label"": ""formula-20"", ""content"": ""`\\sqrt[n]{a}`{=tex}=a\\^{1/n}.""}, {""record_type"": ""formula"", ""label"": ""formula-21"", ""content"": ""`\\sqrt[3]{x}`{=tex}=x\\^{1/3}""}, {""record_type"": ""formula"", ""label"": ""formula-22"", ""content"": ""`\\sqrt{\\frac13}`{=tex} =\n`\\left`{=tex}(`\\frac13`{=tex}`\\right`{=tex})\\^{1/2} = 3\\^{-1/2}""}, {""record_type"": ""formula"", ""label"": ""formula-23"", ""content"": ""`\\sqrt[5]{2^2}`{=tex} = (2^2)^{1/5} = 2\\^{2/5}""}, {""record_type"": ""formula"", ""label"": ""formula-24"", ""content"": ""`\\sqrt[n]{ab}`{=tex} = `\\sqrt[n]{a}`{=tex}`\\sqrt[n]{b}`{=tex}""}, {""record_type"": ""formula"", ""label"": ""formula-25"", ""content"": ""`\\sqrt[n]{\\frac{a}{b}}`{=tex} =\n`\\frac{\\sqrt[n]{a}}{\\sqrt[n]{b}}`{=tex}""}, {""record_type"": ""formula"", ""label"": ""formula-26"", ""content"": ""`\\sqrt[n]{\\sqrt[m]{a}}`{=tex} = `\\sqrt[nm]{a}`{=tex}""}, {""record_type"": ""formula"", ""label"": ""formula-27"", ""content"": ""`\\sqrt[3]{16x^3y^8z^4}`{=tex}""}, {""record_type"": ""formula"", ""label"": ""formula-28"", ""content"": ""`\\sqrt[3]{2^4x^3y^8z^4}`{=tex}""}, {""record_type"": ""formula"", ""label"": ""formula-29"", ""content"": ""=2`\\sqrt[3]{2x^3y^8z^4}`{=tex}""}, {""record_type"": ""formula"", ""label"": ""formula-30"", ""content"": ""=2x`\\sqrt[3]{2y^8z^4}`{=tex}""}, {""record_type"": ""formula"", ""label"": ""formula-31"", ""content"": ""=2xy\\^2`\\sqrt[3]{2y^2z^4}`{=tex}""}, {""record_type"": ""formula"", ""label"": ""formula-32"", ""content"": ""=2xy\\^2z`\\sqrt[3]{2y^2z}`{=tex}""}, {""record_type"": ""formula"", ""label"": ""formula-33"", ""content"": ""(16x^3y^8z^4)^{1/3}""}, {""record_type"": ""formula"", ""label"": ""formula-34"", ""content"": ""=16^{1/3}x^1y^{8/3}z^{4/3}""}, {""record_type"": ""formula"", ""label"": ""formula-35"", ""content"": ""`\\sqrt[5]{\\frac{x}{y^2}}`{=tex}""}, {""record_type"": ""formula"", ""label"": ""formula-36"", ""content"": ""`\\sqrt[5]{\\frac{x}{y^2}}`{=tex} =\n`\\frac{\\sqrt[5]{x}}{\\sqrt[5]{y^2}}`{=tex}""}, {""record_type"": ""formula"", ""label"": ""formula-37"", ""content"": ""n=5,`\\qquad `{=tex}b=y,`\\qquad `{=tex}k=2""}, {""record_type"": ""formula"", ""label"": ""formula-38"", ""content"": ""`\\frac{\\sqrt[5]{x}}{\\sqrt[5]{y^2}}`{=tex} `\\cdot`{=tex}\n`\\frac{\\sqrt[5]{y^3}}{\\sqrt[5]{y^3}}`{=tex}""}, {""record_type"": ""formula"", ""label"": ""formula-39"", ""content"": ""```{=tex}\n\\frac{\\sqrt[5]{x}\\sqrt[5]{y^3}}{y}\n```""}, {""record_type"": ""formula"", ""label"": ""formula-40"", ""content"": ""```{=tex}\n\\frac{\\sqrt[5]{xy^3}}{y}\n```""}, {""record_type"": ""formula"", ""label"": ""formula-41"", ""content"": ""`\\left`{=tex}(`\\frac{x^6}{9y^{-4}}`{=tex}`\\right`{=tex})\\^{-1/2}""}, {""record_type"": ""formula"", ""label"": ""formula-42"", ""content"": ""```{=tex}\n\\frac{(x^6)^{-1/2}}\n```\n{9^{-1/2}(y^{-4})\\^{-1/2}}""}, {""record_type"": ""formula"", ""label"": ""formula-43"", ""content"": ""`\\sqrt9`{=tex}=3,""}, {""record_type"": ""formula"", ""label"": ""formula-44"", ""content"": ""9\\^{1/2}=3""}, {""record_type"": ""formula"", ""label"": ""formula-45"", ""content"": ""9\\^{-1/2}=`\\frac13`{=tex}.""}, {""record_type"": ""formula"", ""label"": ""formula-46"", ""content"": ""`\\frac{3|y|^{-2}}{|x|^{-3}}`{=tex} =\n`\\frac{3|y|^{-2}}{1/|x|^3}`{=tex} = `\\frac{3|x|^3}{|y|^2}`{=tex}.""}, {""record_type"": ""topic"", ""label"": ""absolute value"", ""content"": ""absolute value""}, {""record_type"": ""topic"", ""label"": ""factoring"", ""content"": ""factoring""}, {""record_type"": ""topic"", ""label"": ""radicals"", ""content"": ""radicals""}]"
SRC-MD-98D972ACA31F,sources/lectures/1.3.md,lecture,1.3,1.3 --- Polynomials and Factoring,"[""factoring"", ""polynomials""]",1,0,46,3830,98d972aca31fb4cdbde686672118e2cd2942091318dd594b4286f2356b266690,complete,"[{""record_type"": ""question"", ""label"": ""1.3 --- Polynomials and Factoring"", ""content"": ""> One-for-one Markdown conversion of the handwritten lecture notes.\n> Content is kept in source order.\n\n------------------------------------------------------------------------""}, {""record_type"": ""example"", ""label"": ""Example"", ""content"": ""\\[\n(-3)`\\left`{=tex}(-`\\frac17`{=tex}`\\right`{=tex})`\\cdot `{=tex}x`\\cdot `{=tex}y`\\cdot `{=tex}x\n= `\\frac`{=tex}37x\\^2y \\]\n\nA **polynomial** is a sum of terms.\n\n-   1 term = **monomial**\n-   2 terms = **binomial**\n-   3 terms = **trinomial**\n-   (`\\ldots`{=tex})\n\nWe will focus mostly on polynomials in only one variable.\n\n------------------------------------------------------------------------""}, {""record_type"": ""example"", ""label"": ""Addition Example"", ""content"": ""\\[ (x^3+2x^2-5x+7)+(4x^3-5x^2+3) \\]\n\nCombine like terms:\n\n\\[ =5x^3+(-3)x^2-5x+10 \\]\n\nTherefore:\n\n\\[ =5x^3-3x^2-5x+10 \\]\n\n------------------------------------------------------------------------""}, {""record_type"": ""example"", ""label"": ""Subtraction Example"", ""content"": ""\\[ (x^3+2x^2-5x+7)-(4x^3-5x^2+3) \\]\n\nDistribute the negative sign:\n\n\\[ =(x^3+2x^2-5x+7)+(-4x^3+5x^2-3) \\]\n\nCombine like terms:\n\n\\[ =-3x^3+7x^2-5x+4 \\]""}, {""record_type"": ""example"", ""label"": ""Example"", ""content"": ""\\[ (x^2+5x-4)(2x^3+3x-1) \\]\n\nDistribute each term:\n\n\\[ =x^2(2x^3+3x-1) +5x(2x\\^3+3x-1) -4(2x\\^3+3x-1) \\]\n\nExpand:\n\n\\[ =2x^5+3x^3-x^2+10x^4+15x^2-5x-8x^3-12x+4 \\]\n\nCombine like terms:\n\n\\[ =2x^5+10x^4-5x^3+14x^2-17x+4 \\]\n\n------------------------------------------------------------------------""}, {""record_type"": ""example"", ""label"": ""Example"", ""content"": ""Factor:\n\n\\[ 16a^3+2b^3 \\]\n\nFirst factor out (2):\n\n\\[ =2(8a^3+b^3) \\]\n\nRecognize:\n\n\\[ 8a^3=2^3a^3=(2a)^3 \\]\n\nThen use the sum-of-cubes identity:\n\n\\[ =2(2a+b)(4a^2-2ab+b^2) \\]""}, {""record_type"": ""example"", ""label"": ""Next Example"", ""content"": ""\\[ x^4-4y^2 \\]\n\n------------------------------------------------------------------------""}, {""record_type"": ""example"", ""label"": ""Page 5 --- Factoring Examples"", ""content"": ""Continue:\n\n\\[ x^4-4y^2 \\]\n\nRecognize both terms as squares:\n\n\\[ x^4=(x^2)\\^2 \\]\n\nand\n\n\\[ 4y^2=(2y)^2 \\]\n\nTherefore:\n\n\\[ =(x^2)^2-(2y)\\^2 \\]\n\nUsing difference of squares:\n\n\\[ =(x^2-2y)(x^2+2y) \\]""}, {""record_type"": ""example"", ""label"": ""Example"", ""content"": ""Factor:\n\n\\[ 4x^5y-9x^3y\\^3 \\]\n\nFactor out the common factor:\n\n\\[ =x^3(4x^2y-9y\\^3) \\]\n\nThen factor out (y):\n\n\\[ =x^3y(4x^2-9y\\^2) \\]\n\nRecognize a difference of squares:\n\n\\[ =x\\^3y`\\left[(2x)^2-(3y)^2\\right]`{=tex}\\]\n\nTherefore:\n\n\\[ =x\\^3y(2x-3y)(2x+3y) \\]\n\n------------------------------------------------------------------------""}, {""record_type"": ""example"", ""label"": ""Example"", ""content"": ""Factor:\n\n\\[ 3x^3+2x^2-12x-8 \\]\n\nGroup terms:\n\n\\[ =x\\^2(3x+2)-4(3x+2) \\]\n\nFactor out the common binomial:\n\n\\[ =(x\\^2-4)(3x+2) \\]\n\nUse difference of squares:\n\n\\[ =(x-2)(x+2)(3x+2) \\]""}, {""record_type"": ""formula"", ""label"": ""formula-1"", ""content"": ""x,\u00a0y,\u00a0z,\u00a0a,\u00a0b,\u00a0c,\u00a0r,\u00a0s,\u00a0t,\u00a0`\\text{etc.}`{=tex}""}, {""record_type"": ""formula"", ""label"": ""formula-2"", ""content"": ""-2,\u00a00,\u00a0`\\pi`{=tex},\u00a0`\\sqrt[3]{5}`{=tex},\u00a0`\\frac72`{=tex},\u00a0`\\text{etc.}`{=tex}""}, {""record_type"": ""formula"", ""label"": ""formula-3"", ""content"": ""(-3)`\\left`{=tex}(-`\\frac17`{=tex}`\\right`{=tex})`\\cdot `{=tex}x`\\cdot `{=tex}y`\\cdot `{=tex}x\n= `\\frac`{=tex}37x\\^2y""}, {""record_type"": ""formula"", ""label"": ""formula-4"", ""content"": ""-x^3+3x^2-5x^1-7x^0""}, {""record_type"": ""formula"", ""label"": ""formula-5"", ""content"": ""-1`\\cdot `{=tex}x\\^3""}, {""record_type"": ""formula"", ""label"": ""formula-6"", ""content"": ""-1,\u00a03,\u00a0-5,\u00a0-7""}, {""record_type"": ""formula"", ""label"": ""formula-7"", ""content"": ""-x\\^3""}, {""record_type"": ""formula"", ""label"": ""formula-8"", ""content"": ""3""}, {""record_type"": ""formula"", ""label"": ""formula-9"", ""content"": ""-1""}, {""record_type"": ""formula"", ""label"": ""formula-10"", ""content"": ""(x^3+2x^2-5x+7)+(4x^3-5x^2+3)""}, {""record_type"": ""formula"", ""label"": ""formula-11"", ""content"": ""=5x^3+(-3)x^2-5x+10""}, {""record_type"": ""formula"", ""label"": ""formula-12"", ""content"": ""=5x^3-3x^2-5x+10""}, {""record_type"": ""formula"", ""label"": ""formula-13"", ""content"": ""(x^3+2x^2-5x+7)-(4x^3-5x^2+3)""}, {""record_type"": ""formula"", ""label"": ""formula-14"", ""content"": ""=(x^3+2x^2-5x+7)+(-4x^3+5x^2-3)""}, {""record_type"": ""formula"", ""label"": ""formula-15"", ""content"": ""=-3x^3+7x^2-5x+4""}, {""record_type"": ""formula"", ""label"": ""formula-16"", ""content"": ""(x^2+5x-4)(2x^3+3x-1)""}, {""record_type"": ""formula"", ""label"": ""formula-17"", ""content"": ""=x^2(2x^3+3x-1) +5x(2x\\^3+3x-1) -4(2x\\^3+3x-1)""}, {""record_type"": ""formula"", ""label"": ""formula-18"", ""content"": ""=2x^5+3x^3-x^2+10x^4+15x^2-5x-8x^3-12x+4""}, {""record_type"": ""formula"", ""label"": ""formula-19"", ""content"": ""=2x^5+10x^4-5x^3+14x^2-17x+4""}, {""record_type"": ""formula"", ""label"": ""formula-20"", ""content"": ""x^2-y^2=(x+y)(x-y)""}, {""record_type"": ""formula"", ""label"": ""formula-21"", ""content"": ""(x`\\pm `{=tex}y)^2=x^2`\\pm`{=tex}2xy+y\\^2""}, {""record_type"": ""formula"", ""label"": ""formula-22"", ""content"": ""(x`\\pm `{=tex}y)\\^3 = x^3`\\pm`{=tex}3x^2y+3xy^2`\\pm `{=tex}y^3""}, {""record_type"": ""formula"", ""label"": ""formula-23"", ""content"": ""x^3+y^3 = (x+y)(x^2-xy+y^2)""}, {""record_type"": ""formula"", ""label"": ""formula-24"", ""content"": ""x^3-y^3 = (x-y)(x^2+xy+y^2)""}, {""record_type"": ""formula"", ""label"": ""formula-25"", ""content"": ""16a^3+2b^3""}, {""record_type"": ""formula"", ""label"": ""formula-26"", ""content"": ""=2(8a^3+b^3)""}, {""record_type"": ""formula"", ""label"": ""formula-27"", ""content"": ""8a^3=2^3a^3=(2a)^3""}, {""record_type"": ""formula"", ""label"": ""formula-28"", ""content"": ""=2(2a+b)(4a^2-2ab+b^2)""}, {""record_type"": ""formula"", ""label"": ""formula-29"", ""content"": ""x^4-4y^2""}, {""record_type"": ""formula"", ""label"": ""formula-30"", ""content"": ""x^4-4y^2""}, {""record_type"": ""formula"", ""label"": ""formula-31"", ""content"": ""x^4=(x^2)\\^2""}, {""record_type"": ""formula"", ""label"": ""formula-32"", ""content"": ""4y^2=(2y)^2""}, {""record_type"": ""formula"", ""label"": ""formula-33"", ""content"": ""=(x^2)^2-(2y)\\^2""}, {""record_type"": ""formula"", ""label"": ""formula-34"", ""content"": ""=(x^2-2y)(x^2+2y)""}, {""record_type"": ""formula"", ""label"": ""formula-35"", ""content"": ""4x^5y-9x^3y\\^3""}, {""record_type"": ""formula"", ""label"": ""formula-36"", ""content"": ""=x^3(4x^2y-9y\\^3)""}, {""record_type"": ""formula"", ""label"": ""formula-37"", ""content"": ""=x^3y(4x^2-9y\\^2)""}, {""record_type"": ""formula"", ""label"": ""formula-38"", ""content"": ""=x\\^3y`\\left[(2x)^2-(3y)^2\\right]`{=tex}""}, {""record_type"": ""formula"", ""label"": ""formula-39"", ""content"": ""=x\\^3y(2x-3y)(2x+3y)""}, {""record_type"": ""formula"", ""label"": ""formula-40"", ""content"": ""ac+ad+bc+bd""}, {""record_type"": ""formula"", ""label"": ""formula-41"", ""content"": ""=a(c+d)+b(c+d)""}, {""record_type"": ""formula"", ""label"": ""formula-42"", ""content"": ""=(a+b)(c+d)""}, {""record_type"": ""formula"", ""label"": ""formula-43"", ""content"": ""3x^3+2x^2-12x-8""}, {""record_type"": ""formula"", ""label"": ""formula-44"", ""content"": ""=x\\^2(3x+2)-4(3x+2)""}, {""record_type"": ""formula"", ""label"": ""formula-45"", ""content"": ""=(x\\^2-4)(3x+2)""}, {""record_type"": ""formula"", ""label"": ""formula-46"", ""content"": ""=(x-2)(x+2)(3x+2)""}, {""record_type"": ""topic"", ""label"": ""factoring"", ""content"": ""factoring""}, {""record_type"": ""topic"", ""label"": ""polynomials"", ""content"": ""polynomials""}]"
SRC-MD-BC3DE13EB05F,sources/lectures/1.4.md,lecture,1.4,1.4 --- Fractional Expressions,"[""factoring"", ""polynomials"", ""rational expressions""]",1,0,33,3813,bc3de13eb05f39f2df518e4a54e96c6223b9adfef5594e7b3b12de5b59f495a4,complete,"[{""record_type"": ""question"", ""label"": ""1.4 --- Fractional Expressions"", ""content"": ""> One-for-one human-readable Markdown conversion of the scanned lecture\n> notes. Material is preserved in source order.""}, {""record_type"": ""example"", ""label"": ""Fractional-expression example"", ""content"": ""\\[ `\\frac{12-y}{\\sqrt[3]{x}-4}`{=tex} \\]""}, {""record_type"": ""example"", ""label"": ""Rational-expression example"", ""content"": ""\\[ `\\frac{x^2+5x-3y}{y^3-x^2}`{=tex} \\]\n\nProblems involving rational expressions usually ask you to add,\nsubtract, multiply, or divide them and/or simplify by cancelling common\nfactors from the numerator and denominator.\n\n------------------------------------------------------------------------""}, {""record_type"": ""example"", ""label"": ""Page 6 --- Additional Rationalization Examples"", ""content"": ""The notes ask what happens if the numerator contains cube roots:\n\n\\[ `\\frac{\\sqrt[3]{x+h}-\\sqrt[3]{x}}{h}`{=tex} \\]\n\nA second worked expression uses fractional exponents. The notes simplify\n\n\\[ `\\frac{3x^2(2x+5)^{1/2}-x^3(2x+5)^{-1/2}}{2x+5}`{=tex} \\]\n\nby multiplying to obtain a common exponent in the numerator:""}, {""record_type"": ""formula"", ""label"": ""formula-1"", ""content"": ""`\\frac{12-y}{\\sqrt[3]{x}-4}`{=tex}""}, {""record_type"": ""formula"", ""label"": ""formula-2"", ""content"": ""`\\frac{x^2+5x-3y}{y^3-x^2}`{=tex}""}, {""record_type"": ""formula"", ""label"": ""formula-3"", ""content"": ""`\\frac{12+r-r^2}{r^3+3r^2}`{=tex}""}, {""record_type"": ""formula"", ""label"": ""formula-4"", ""content"": ""r^3+3r^2=r\\^2(r+3)""}, {""record_type"": ""formula"", ""label"": ""formula-5"", ""content"": ""12+r-r^2=-r^2+r+12""}, {""record_type"": ""formula"", ""label"": ""formula-6"", ""content"": ""-r\\^2+r+12=(-r-3)(r-4)""}, {""record_type"": ""formula"", ""label"": ""formula-7"", ""content"": ""`\\frac{12+r-r^2}{r^3+3r^2}`{=tex} =\n`\\frac{(-r-3)(r-4)}{r^2(r+3)}`{=tex}""}, {""record_type"": ""formula"", ""label"": ""formula-8"", ""content"": ""`\\frac{6}{x(3x-2)}`{=tex}+`\\frac{5}{3x-2}`{=tex}-`\\frac{2}{x^2}`{=tex}""}, {""record_type"": ""formula"", ""label"": ""formula-9"", ""content"": ""`\\boxed{\\operatorname{LCD}=x^2(3x-2)}`{=tex}""}, {""record_type"": ""formula"", ""label"": ""formula-10"", ""content"": ""`\\frac{a^3-8}{a^2-4}`{=tex}`\\div`{=tex}`\\frac{a}{a^3+8}`{=tex}""}, {""record_type"": ""formula"", ""label"": ""formula-11"", ""content"": ""`\\frac{a^3-8}{a^2-4}`{=tex}`\\cdot`{=tex}`\\frac{a^3+8}{a}`{=tex}""}, {""record_type"": ""formula"", ""label"": ""formula-12"", ""content"": ""a^2-4=a^2-2\\^2=(a-2)(a+2)""}, {""record_type"": ""formula"", ""label"": ""formula-13"", ""content"": ""a^3-8=a^3-2^3=(a-2)(a^2+2a+4)""}, {""record_type"": ""formula"", ""label"": ""formula-14"", ""content"": ""a^3+8=a^3+2^3=(a+2)(a^2-2a+4)""}, {""record_type"": ""formula"", ""label"": ""formula-15"", ""content"": ""`\\frac{x^2-4}{3x^2-5x+2}`{=tex} `\\cdot`{=tex}\n`\\frac{9x^4-6x^3+4x^2}{27x^4+8x}`{=tex}""}, {""record_type"": ""formula"", ""label"": ""formula-16"", ""content"": ""9x^2-4=(3x)^2-2\\^2=(3x-2)(3x+2)""}, {""record_type"": ""formula"", ""label"": ""formula-17"", ""content"": ""9x^4-6x^3+4x^2=x^2(9x\\^2-6x+4)""}, {""record_type"": ""formula"", ""label"": ""formula-18"", ""content"": ""3x\\^2-5x+2 = 3x\\^2-3x-2x+2""}, {""record_type"": ""formula"", ""label"": ""formula-19"", ""content"": ""=3x(x-1)-2(x-1)""}, {""record_type"": ""formula"", ""label"": ""formula-20"", ""content"": ""=(3x-2)(x-1)""}, {""record_type"": ""formula"", ""label"": ""formula-21"", ""content"": ""27x^4+8x=x(27x^3+8)""}, {""record_type"": ""formula"", ""label"": ""formula-22"", ""content"": ""`\\boxed{\\frac{x}{x-1}}`{=tex}""}, {""record_type"": ""formula"", ""label"": ""formula-23"", ""content"": ""`\\frac{\\sqrt{x+h}-\\sqrt{x}}{h}`{=tex},""}, {""record_type"": ""formula"", ""label"": ""formula-24"", ""content"": ""`\\sqrt{x+h}`{=tex}+`\\sqrt{x}`{=tex}""}, {""record_type"": ""formula"", ""label"": ""formula-25"", ""content"": ""(`\\sqrt{x+h}`{=tex}-`\\sqrt{x}`{=tex})(`\\sqrt{x+h}`{=tex}+`\\sqrt{x}`{=tex})\n=(x+h)-x=h""}, {""record_type"": ""formula"", ""label"": ""formula-26"", ""content"": ""`\\boxed{\\frac{1}{\\sqrt{x+h}+\\sqrt{x}}}`{=tex}""}, {""record_type"": ""formula"", ""label"": ""formula-27"", ""content"": ""`\\frac{\\sqrt[3]{x+h}-\\sqrt[3]{x}}{h}`{=tex}""}, {""record_type"": ""formula"", ""label"": ""formula-28"", ""content"": ""`\\frac{3x^2(2x+5)^{1/2}-x^3(2x+5)^{-1/2}}{2x+5}`{=tex}""}, {""record_type"": ""formula"", ""label"": ""formula-29"", ""content"": ""```{=tex}\n\\frac{3x^2(2x+5)-x^3}{(2x+5)^{3/2}}\n```""}, {""record_type"": ""formula"", ""label"": ""formula-30"", ""content"": ""```{=tex}\n\\frac{6x^3+15x^2-x^3}{(2x+5)^{3/2}}\n```""}, {""record_type"": ""formula"", ""label"": ""formula-31"", ""content"": ""```{=tex}\n\\frac{5x^3+15x^2}{(2x+5)^{3/2}}\n```""}, {""record_type"": ""formula"", ""label"": ""formula-32"", ""content"": ""5x^3+15x^2=5x\\^2(x+3)""}, {""record_type"": ""formula"", ""label"": ""formula-33"", ""content"": ""`\\boxed{\n\\frac{5x^2(x+3)}{(2x+5)^{3/2}}\n}`{=tex}""}, {""record_type"": ""topic"", ""label"": ""factoring"", ""content"": ""factoring""}, {""record_type"": ""topic"", ""label"": ""polynomials"", ""content"": ""polynomials""}, {""record_type"": ""topic"", ""label"": ""rational expressions"", ""content"": ""rational expressions""}]"
SRC-MD-D62C9BD34DD2,sources/lectures/2.1.md,lecture,2.1,2.1 --- Equations,"[""equations"", ""factoring"", ""functions"", ""quadratic equations""]",1,0,59,5083,d62c9bd34dd234aac537ff244ccebe95d61655d08f1729e3ec2df3cdb1391518,complete,"[{""record_type"": ""question"", ""label"": ""2.1 --- Equations"", ""content"": ""> Human-readable Markdown conversion of the scanned lecture notes,\n> preserved in source order.""}, {""record_type"": ""example"", ""label"": ""Example"", ""content"": ""\\[ (3x-2)\\^2=(x-5)(9x+4) \\]\n\nThe notes expand both sides and solve the resulting equation, obtaining\n\n\\[ `\\boxed{x=-\\frac{24}{29}}`{=tex} \\]""}, {""record_type"": ""formula"", ""label"": ""formula-1"", ""content"": ""`\\text{one expression}`{=tex}=`\\text{another expression}`{=tex}""}, {""record_type"": ""formula"", ""label"": ""formula-2"", ""content"": ""x\\^2-5=4x""}, {""record_type"": ""formula"", ""label"": ""formula-3"", ""content"": ""x+3=x+3""}, {""record_type"": ""formula"", ""label"": ""formula-4"", ""content"": ""`\\frac5{x-1}`{=tex}=`\\frac5{x-1}`{=tex},`\\qquad `{=tex}x`\\ne1`{=tex}""}, {""record_type"": ""formula"", ""label"": ""formula-5"", ""content"": ""x+3=1 `\\Rightarrow `{=tex}x=-2""}, {""record_type"": ""formula"", ""label"": ""formula-6"", ""content"": ""`\\frac5{x-1}`{=tex}=1 `\\Rightarrow `{=tex}x=6""}, {""record_type"": ""formula"", ""label"": ""formula-7"", ""content"": ""x\\^2+y=1 `\\Rightarrow `{=tex}y=1-x\\^2""}, {""record_type"": ""formula"", ""label"": ""formula-8"", ""content"": ""x=0,`\\qquad `{=tex}2x=0,`\\qquad `{=tex}x\\^2=0""}, {""record_type"": ""formula"", ""label"": ""formula-9"", ""content"": ""x=1,`\\qquad `{=tex}2x=1,`\\qquad `{=tex}x\\^2=1""}, {""record_type"": ""formula"", ""label"": ""formula-10"", ""content"": ""6x-7=2x+5""}, {""record_type"": ""formula"", ""label"": ""formula-11"", ""content"": ""6x=2x+12""}, {""record_type"": ""formula"", ""label"": ""formula-12"", ""content"": ""6x-2x=12""}, {""record_type"": ""formula"", ""label"": ""formula-13"", ""content"": ""4x=12""}, {""record_type"": ""formula"", ""label"": ""formula-14"", ""content"": ""`\\boxed{x=3}`{=tex}""}, {""record_type"": ""formula"", ""label"": ""formula-15"", ""content"": ""(3x-2)\\^2=(x-5)(9x+4)""}, {""record_type"": ""formula"", ""label"": ""formula-16"", ""content"": ""`\\boxed{x=-\\frac{24}{29}}`{=tex}""}, {""record_type"": ""formula"", ""label"": ""formula-17"", ""content"": ""`\\frac{3x}{x-2}`{=tex}=1+`\\frac6{x-2}`{=tex}""}, {""record_type"": ""formula"", ""label"": ""formula-18"", ""content"": ""x-2`\\ne0`{=tex}""}, {""record_type"": ""formula"", ""label"": ""formula-19"", ""content"": ""`\\boxed{x\\ne2}`{=tex}""}, {""record_type"": ""formula"", ""label"": ""formula-20"", ""content"": ""3x=x-2+6""}, {""record_type"": ""formula"", ""label"": ""formula-21"", ""content"": ""3x=x+4""}, {""record_type"": ""formula"", ""label"": ""formula-22"", ""content"": ""2x=4""}, {""record_type"": ""formula"", ""label"": ""formula-23"", ""content"": ""`\\boxed{\\text{No solutions}}`{=tex}""}, {""record_type"": ""formula"", ""label"": ""formula-24"", ""content"": ""x\\^2-16=0""}, {""record_type"": ""formula"", ""label"": ""formula-25"", ""content"": ""x\\^2=16""}, {""record_type"": ""formula"", ""label"": ""formula-26"", ""content"": ""x=`\\pm`{=tex}`\\sqrt{16}`{=tex}""}, {""record_type"": ""formula"", ""label"": ""formula-27"", ""content"": ""`\\boxed{x=4\\text{ or }x=-4}`{=tex}""}, {""record_type"": ""formula"", ""label"": ""formula-28"", ""content"": ""x\\^2-16=(x-4)(x+4)""}, {""record_type"": ""formula"", ""label"": ""formula-29"", ""content"": ""(x-4)(x+4)=0""}, {""record_type"": ""formula"", ""label"": ""formula-30"", ""content"": ""`\\frac1{x+4}`{=tex}+`\\frac3{x-4}`{=tex} = `\\frac{3x+8}{x^2-16}`{=tex}""}, {""record_type"": ""formula"", ""label"": ""formula-31"", ""content"": ""x`\\ne4`{=tex},-4""}, {""record_type"": ""formula"", ""label"": ""formula-32"", ""content"": ""x\\^2-16=(x+4)(x-4)""}, {""record_type"": ""formula"", ""label"": ""formula-33"", ""content"": ""x-4+3(x+4)=3x+8""}, {""record_type"": ""formula"", ""label"": ""formula-34"", ""content"": ""x+8=8""}, {""record_type"": ""formula"", ""label"": ""formula-35"", ""content"": ""`\\boxed{x=0}`{=tex}""}, {""record_type"": ""formula"", ""label"": ""formula-36"", ""content"": ""(4x-3)^2-16x^2=9-24x""}, {""record_type"": ""formula"", ""label"": ""formula-37"", ""content"": ""(a+b)^2=a^2+2ab+b\\^2""}, {""record_type"": ""formula"", ""label"": ""formula-38"", ""content"": ""(4x-3)^2=16x^2-24x+9""}, {""record_type"": ""formula"", ""label"": ""formula-39"", ""content"": ""16x^2-24x+9-16x^2=9-24x""}, {""record_type"": ""formula"", ""label"": ""formula-40"", ""content"": ""0=0""}, {""record_type"": ""formula"", ""label"": ""formula-41"", ""content"": ""`\\frac{3x^2+8}{x}`{=tex} = `\\frac`{=tex}8x+3x""}, {""record_type"": ""formula"", ""label"": ""formula-42"", ""content"": ""x`\\ne0`{=tex}""}, {""record_type"": ""formula"", ""label"": ""formula-43"", ""content"": ""`\\frac{3x^2+8}{x}`{=tex} = `\\frac{3x^2}{x}`{=tex}+`\\frac`{=tex}8x =\n3x+`\\frac`{=tex}8x""}, {""record_type"": ""formula"", ""label"": ""formula-44"", ""content"": ""`\\frac`{=tex}8x+3x""}, {""record_type"": ""formula"", ""label"": ""formula-45"", ""content"": ""x`\\ne0`{=tex}.""}, {""record_type"": ""formula"", ""label"": ""formula-46"", ""content"": ""`\\frac{8x}{x-7}`{=tex} = `\\frac{72}{x-7}`{=tex}""}, {""record_type"": ""formula"", ""label"": ""formula-47"", ""content"": ""x-3=6""}, {""record_type"": ""formula"", ""label"": ""formula-48"", ""content"": ""x`\\ne7`{=tex}""}, {""record_type"": ""formula"", ""label"": ""formula-49"", ""content"": ""8x=72""}, {""record_type"": ""formula"", ""label"": ""formula-50"", ""content"": ""`\\boxed{x=9}`{=tex}""}, {""record_type"": ""formula"", ""label"": ""formula-51"", ""content"": ""x-3=6`\\Rightarrow`{=tex}`\\boxed{x=9}`{=tex}""}, {""record_type"": ""formula"", ""label"": ""formula-52"", ""content"": ""`\\frac{8x}{x-7}`{=tex} = `\\frac{56}{x-7}`{=tex}""}, {""record_type"": ""formula"", ""label"": ""formula-53"", ""content"": ""2x-4=10""}, {""record_type"": ""formula"", ""label"": ""formula-54"", ""content"": ""x`\\ne7`{=tex}.""}, {""record_type"": ""formula"", ""label"": ""formula-55"", ""content"": ""8x=56""}, {""record_type"": ""formula"", ""label"": ""formula-56"", ""content"": ""x=7""}, {""record_type"": ""formula"", ""label"": ""formula-57"", ""content"": ""2x-4=10""}, {""record_type"": ""formula"", ""label"": ""formula-58"", ""content"": ""2x=14""}, {""record_type"": ""formula"", ""label"": ""formula-59"", ""content"": ""x=7""}, {""record_type"": ""topic"", ""label"": ""equations"", ""content"": ""equations""}, {""record_type"": ""topic"", ""label"": ""factoring"", ""content"": ""factoring""}, {""record_type"": ""topic"", ""label"": ""functions"", ""content"": ""functions""}, {""record_type"": ""topic"", ""label"": ""quadratic equations"", ""content"": ""quadratic equations""}]"
SRC-MD-C50568D8182D,sources/lectures/2.2.md,lecture,2.2,2.2 --- Applied Problems,"[""applied problems""]",1,0,44,4199,c50568d8182dea64e41d3f40901e272dd7beb723c8f615d77f465940ea451be0,complete,"[{""record_type"": ""question"", ""label"": ""2.2 --- Applied Problems"", ""content"": ""> Human-readable Markdown conversion of the scanned lecture notes,\n> preserved in source order.""}, {""record_type"": ""formula"", ""label"": ""formula-1"", ""content"": ""72,\u00a080,\u00a065,\u00a078,\u00a060""}, {""record_type"": ""formula"", ""label"": ""formula-2"", ""content"": ""71.""}, {""record_type"": ""formula"", ""label"": ""formula-3"", ""content"": ""`\\frac23`{=tex}(71)+`\\frac`{=tex}13x=76""}, {""record_type"": ""formula"", ""label"": ""formula-4"", ""content"": ""142+x=228""}, {""record_type"": ""formula"", ""label"": ""formula-5"", ""content"": ""`\\boxed{x=86}`{=tex}""}, {""record_type"": ""formula"", ""label"": ""formula-6"", ""content"": ""x-(20%`\\text{ of }`{=tex}x)""}, {""record_type"": ""formula"", ""label"": ""formula-7"", ""content"": ""=x-0.2x""}, {""record_type"": ""formula"", ""label"": ""formula-8"", ""content"": ""=(1-0.2)x""}, {""record_type"": ""formula"", ""label"": ""formula-9"", ""content"": ""=0.8x""}, {""record_type"": ""formula"", ""label"": ""formula-10"", ""content"": ""30=0.8x""}, {""record_type"": ""formula"", ""label"": ""formula-11"", ""content"": ""x=`\\frac{30}{0.8}`{=tex}""}, {""record_type"": ""formula"", ""label"": ""formula-12"", ""content"": ""`\\boxed{x=\\$37.50}`{=tex}""}, {""record_type"": ""formula"", ""label"": ""formula-13"", ""content"": ""I_A=50{,}000(0.15)(1)=7{,}500""}, {""record_type"": ""formula"", ""label"": ""formula-14"", ""content"": ""I_B=50{,}000(0.10)(1)=5{,}000""}, {""record_type"": ""formula"", ""label"": ""formula-15"", ""content"": ""I_A=7{,}500,`\\qquad `{=tex}I_B=5{,}000""}, {""record_type"": ""formula"", ""label"": ""formula-16"", ""content"": ""I_A+I_B=12{,}500""}, {""record_type"": ""formula"", ""label"": ""formula-17"", ""content"": ""x=`\\text{investment in stock A}`{=tex}.""}, {""record_type"": ""formula"", ""label"": ""formula-18"", ""content"": ""I_A=0.15x""}, {""record_type"": ""formula"", ""label"": ""formula-19"", ""content"": ""I_B=(100{,}000-x)(0.10)""}, {""record_type"": ""formula"", ""label"": ""formula-20"", ""content"": ""=10{,}000-0.10x""}, {""record_type"": ""formula"", ""label"": ""formula-21"", ""content"": ""I_A+I_B = 0.15x+(10{,}000-0.10x)""}, {""record_type"": ""formula"", ""label"": ""formula-22"", ""content"": ""=0.05x+10{,}000""}, {""record_type"": ""formula"", ""label"": ""formula-23"", ""content"": ""0.05x+10{,}000=12{,}000""}, {""record_type"": ""formula"", ""label"": ""formula-24"", ""content"": ""0.05x=2{,}000""}, {""record_type"": ""formula"", ""label"": ""formula-25"", ""content"": ""`\\boxed{x=40{,}000}`{=tex}""}, {""record_type"": ""formula"", ""label"": ""formula-26"", ""content"": ""2%`\\text{ of }`{=tex}15`\\text{ mL}`{=tex} = 15(0.02) =\n0.3`\\text{ mL}`{=tex}""}, {""record_type"": ""formula"", ""label"": ""formula-27"", ""content"": ""x=`\\text{mL of 10\\% solution}`{=tex}""}, {""record_type"": ""formula"", ""label"": ""formula-28"", ""content"": ""y=`\\text{mL of 1\\% solution}`{=tex}""}, {""record_type"": ""formula"", ""label"": ""formula-29"", ""content"": ""0.10x+0.01y=0.3""}, {""record_type"": ""formula"", ""label"": ""formula-30"", ""content"": ""x+y=15""}, {""record_type"": ""formula"", ""label"": ""formula-31"", ""content"": ""x=15-y""}, {""record_type"": ""formula"", ""label"": ""formula-32"", ""content"": ""0.10(15-y)+0.01y=0.3""}, {""record_type"": ""formula"", ""label"": ""formula-33"", ""content"": ""1.5-0.10y+0.01y=0.3""}, {""record_type"": ""formula"", ""label"": ""formula-34"", ""content"": ""-0.09y=-1.2""}, {""record_type"": ""formula"", ""label"": ""formula-35"", ""content"": ""`\\boxed{y\\approx13.3\\text{ mL}}`{=tex}""}, {""record_type"": ""formula"", ""label"": ""formula-36"", ""content"": ""x=15-y""}, {""record_type"": ""formula"", ""label"": ""formula-37"", ""content"": ""x`\\approx15`{=tex}-13.3""}, {""record_type"": ""formula"", ""label"": ""formula-38"", ""content"": ""`\\boxed{x\\approx1.7\\text{ mL}}`{=tex}""}, {""record_type"": ""formula"", ""label"": ""formula-39"", ""content"": ""d=vt""}, {""record_type"": ""formula"", ""label"": ""formula-40"", ""content"": ""v=`\\frac `{=tex}dt""}, {""record_type"": ""formula"", ""label"": ""formula-41"", ""content"": ""1`\\text{ hr}`{=tex}=60`\\text{ min}`{=tex}""}, {""record_type"": ""formula"", ""label"": ""formula-42"", ""content"": ""15`\\text{ min}`{=tex} =\n15`\\left`{=tex}(`\\frac1{60}`{=tex}`\\text{ hr}`{=tex}`\\right`{=tex}) =\n`\\frac{15}{60}`{=tex}`\\text{ hr}`{=tex} = 0.25`\\text{ hr}`{=tex}""}, {""record_type"": ""formula"", ""label"": ""formula-43"", ""content"": ""`\\boxed{\\text{current rate}\\approx0.56\\text{ mi/hr}}`{=tex}""}, {""record_type"": ""formula"", ""label"": ""formula-44"", ""content"": ""`\\boxed{\\text{total distance}\\approx2.22\\text{ mi}}`{=tex}""}, {""record_type"": ""topic"", ""label"": ""applied problems"", ""content"": ""applied problems""}]"
SRC-MD-BE43275A77D1,sources/lectures/2.3.md,lecture,2.3,2.3 --- Quadratic Equations,"[""completing the square"", ""equations"", ""factoring"", ""quadratic equations"", ""radicals""]",1,0,74,5911,be43275a77d11c47969ca30a87d3c5725df651a2904cfd2230f7679ca0d37d89,complete,"[{""record_type"": ""question"", ""label"": ""2.3 --- Quadratic Equations"", ""content"": ""> Human-readable Markdown conversion of the scanned lecture notes,\n> preserved in source order.""}, {""record_type"": ""example"", ""label"": ""Example"", ""content"": ""\\[ 3x\\^2=10-x \\]\n\nPut into standard form:\n\n\\[ 3x\\^2+x-10=0 \\]\n\nSplit the middle term:\n\n\\[ 3x\\^2-5x+6x-10=0 \\]\n\nGroup:\n\n\\[ x(3x-5)+2(3x-5)=0 \\]\n\nFactor:\n\n\\[ (x+2)(3x-5)=0 \\]\n\nTherefore:\n\n\\[ x+2=0 `\\quad`{=tex}`\\text{or}`{=tex}`\\quad`{=tex} 3x-5=0 \\]\n\n\\[ `\\boxed{x=-2\\quad\\text{or}\\quad x=\\frac53}`{=tex} \\]\n\n------------------------------------------------------------------------""}, {""record_type"": ""example"", ""label"": ""Example"", ""content"": ""\\[ x\\^2+16=8x \\]\n\n\\[ x\\^2-8x+16=0 \\]\n\n\\[ (x-4)\\^2=0 \\]\n\n\\[ (x-4)(x-4)=0 \\]\n\n\\[ `\\boxed{x=4}`{=tex} \\]""}, {""record_type"": ""example"", ""label"": ""Example"", ""content"": ""\\[ x\\^2=25 \\]\n\n\\[ x\\^2-25=0 \\]\n\n\\[ (x-5)(x+5)=0 \\]\n\n\\[ `\\boxed{x=5\\quad\\text{or}\\quad x=-5}`{=tex} \\]\n\n------------------------------------------------------------------------""}, {""record_type"": ""example"", ""label"": ""Example"", ""content"": ""\\[ x^2-3x+d=(x+c)^2 \\]\n\nExpand:\n\n\\[ x^2-3x+d=x^2+2cx+c\\^2 \\]\n\nCompare coefficients:\n\n\\[ -3=2c \\]\n\n\\[ c=-`\\frac32`{=tex} \\]\n\nThen\n\n\\[ d=c\\^2 \\]\n\n\\[ `\\boxed{d=\\left(-\\frac32\\right)^2=\\frac94}`{=tex} \\]""}, {""record_type"": ""example"", ""label"": ""Example"", ""content"": ""\\[ x^2+dx+64=(x+c)^2 \\]\n\nSince\n\n\\[ 64=c\\^2, \\]\n\n\\[ c=`\\pm8`{=tex}. \\]\n\nBecause\n\n\\[ d=2c, \\]\n\nthe notes obtain\n\n\\[ d=16`\\quad`{=tex}`\\text{or}`{=tex}`\\quad `{=tex}d=-16. \\]\n\n------------------------------------------------------------------------""}, {""record_type"": ""example"", ""label"": ""Example"", ""content"": ""For\n\n\\[ 9x\\^2-30x+25=0, \\]\n\n\\[ a=9,`\\qquad `{=tex}b=-30,`\\qquad `{=tex}c=25. \\]\n\nUse the quadratic formula:\n\n\\[ x = `\\frac{30\\pm\\sqrt{(-30)^2-4(9)(25)}}{18}`{=tex} \\]""}, {""record_type"": ""formula"", ""label"": ""formula-1"", ""content"": ""ax\\^2+bx+c=0""}, {""record_type"": ""formula"", ""label"": ""formula-2"", ""content"": ""a`\\ne0`{=tex}.""}, {""record_type"": ""formula"", ""label"": ""formula-3"", ""content"": ""ab=0,""}, {""record_type"": ""formula"", ""label"": ""formula-4"", ""content"": ""a=0`\\quad`{=tex}`\\text{or}`{=tex}`\\quad `{=tex}b=0""}, {""record_type"": ""formula"", ""label"": ""formula-5"", ""content"": ""3x\\^2=10-x""}, {""record_type"": ""formula"", ""label"": ""formula-6"", ""content"": ""3x\\^2+x-10=0""}, {""record_type"": ""formula"", ""label"": ""formula-7"", ""content"": ""3x\\^2-5x+6x-10=0""}, {""record_type"": ""formula"", ""label"": ""formula-8"", ""content"": ""x(3x-5)+2(3x-5)=0""}, {""record_type"": ""formula"", ""label"": ""formula-9"", ""content"": ""(x+2)(3x-5)=0""}, {""record_type"": ""formula"", ""label"": ""formula-10"", ""content"": ""x+2=0 `\\quad`{=tex}`\\text{or}`{=tex}`\\quad`{=tex} 3x-5=0""}, {""record_type"": ""formula"", ""label"": ""formula-11"", ""content"": ""`\\boxed{x=-2\\quad\\text{or}\\quad x=\\frac53}`{=tex}""}, {""record_type"": ""formula"", ""label"": ""formula-12"", ""content"": ""x\\^2+16=8x""}, {""record_type"": ""formula"", ""label"": ""formula-13"", ""content"": ""x\\^2-8x+16=0""}, {""record_type"": ""formula"", ""label"": ""formula-14"", ""content"": ""(x-4)\\^2=0""}, {""record_type"": ""formula"", ""label"": ""formula-15"", ""content"": ""(x-4)(x-4)=0""}, {""record_type"": ""formula"", ""label"": ""formula-16"", ""content"": ""`\\boxed{x=4}`{=tex}""}, {""record_type"": ""formula"", ""label"": ""formula-17"", ""content"": ""x\\^2=25""}, {""record_type"": ""formula"", ""label"": ""formula-18"", ""content"": ""x\\^2-25=0""}, {""record_type"": ""formula"", ""label"": ""formula-19"", ""content"": ""(x-5)(x+5)=0""}, {""record_type"": ""formula"", ""label"": ""formula-20"", ""content"": ""`\\boxed{x=5\\quad\\text{or}\\quad x=-5}`{=tex}""}, {""record_type"": ""formula"", ""label"": ""formula-21"", ""content"": ""`\\sqrt{x^2}`{=tex}=`\\sqrt5`{=tex}.""}, {""record_type"": ""formula"", ""label"": ""formula-22"", ""content"": ""`\\sqrt{x^2}`{=tex}=\\|x\\|,""}, {""record_type"": ""formula"", ""label"": ""formula-23"", ""content"": ""\\|x\\|=`\\sqrt5`{=tex}""}, {""record_type"": ""formula"", ""label"": ""formula-24"", ""content"": ""`\\boxed{x=\\pm\\sqrt5}`{=tex}.""}, {""record_type"": ""formula"", ""label"": ""formula-25"", ""content"": ""`\\sqrt{(x+3)^2}`{=tex}=`\\sqrt5`{=tex}""}, {""record_type"": ""formula"", ""label"": ""formula-26"", ""content"": ""x+3=`\\pm`{=tex}`\\sqrt5`{=tex}""}, {""record_type"": ""formula"", ""label"": ""formula-27"", ""content"": ""`\\boxed{x=-3\\pm\\sqrt5}`{=tex}.""}, {""record_type"": ""formula"", ""label"": ""formula-28"", ""content"": ""ax\\^2+bx+c=0,`\\qquad `{=tex}a`\\ne0`{=tex}.""}, {""record_type"": ""formula"", ""label"": ""formula-29"", ""content"": ""x\\^2+`\\frac `{=tex}ba x+`\\frac `{=tex}ca=0""}, {""record_type"": ""formula"", ""label"": ""formula-30"", ""content"": ""x\\^2+`\\frac `{=tex}ba x+`\\frac{b^2}{4a^2}`{=tex}+`\\frac `{=tex}ca =\n`\\frac{b^2}{4a^2}`{=tex}""}, {""record_type"": ""formula"", ""label"": ""formula-31"", ""content"": ""x\\^2+2x`\\left`{=tex}(`\\frac `{=tex}b{2a}`\\right`{=tex})\n+`\\left`{=tex}(`\\frac `{=tex}b{2a}`\\right`{=tex})\\^2 =\n`\\left`{=tex}(x+`\\frac `{=tex}b{2a}`\\right`{=tex})\\^2""}, {""record_type"": ""formula"", ""label"": ""formula-32"", ""content"": ""`\\left`{=tex}(x+`\\frac `{=tex}b{2a}`\\right`{=tex})\\^2+`\\frac `{=tex}ca =\n`\\frac{b^2}{4a^2}`{=tex}""}, {""record_type"": ""formula"", ""label"": ""formula-33"", ""content"": ""`\\left`{=tex}(x+`\\frac `{=tex}b{2a}`\\right`{=tex})\\^2 =\n`\\frac{b^2}{4a^2}`{=tex}-`\\frac `{=tex}ca.""}, {""record_type"": ""formula"", ""label"": ""formula-34"", ""content"": ""x^2-3x+d=(x+c)^2""}, {""record_type"": ""formula"", ""label"": ""formula-35"", ""content"": ""x^2-3x+d=x^2+2cx+c\\^2""}, {""record_type"": ""formula"", ""label"": ""formula-36"", ""content"": ""-3=2c""}, {""record_type"": ""formula"", ""label"": ""formula-37"", ""content"": ""c=-`\\frac32`{=tex}""}, {""record_type"": ""formula"", ""label"": ""formula-38"", ""content"": ""d=c\\^2""}, {""record_type"": ""formula"", ""label"": ""formula-39"", ""content"": ""`\\boxed{d=\\left(-\\frac32\\right)^2=\\frac94}`{=tex}""}, {""record_type"": ""formula"", ""label"": ""formula-40"", ""content"": ""x^2+dx+64=(x+c)^2""}, {""record_type"": ""formula"", ""label"": ""formula-41"", ""content"": ""64=c\\^2,""}, {""record_type"": ""formula"", ""label"": ""formula-42"", ""content"": ""c=`\\pm8`{=tex}.""}, {""record_type"": ""formula"", ""label"": ""formula-43"", ""content"": ""d=2c,""}, {""record_type"": ""formula"", ""label"": ""formula-44"", ""content"": ""d=16`\\quad`{=tex}`\\text{or}`{=tex}`\\quad `{=tex}d=-16.""}, {""record_type"": ""formula"", ""label"": ""formula-45"", ""content"": ""x\\^2-5x+3=0""}, {""record_type"": ""formula"", ""label"": ""formula-46"", ""content"": ""d=`\\left`{=tex}(-`\\frac52`{=tex}`\\right`{=tex})\\^2=`\\frac{25}{4}`{=tex}.""}, {""record_type"": ""formula"", ""label"": ""formula-47"", ""content"": ""`\\left[x^2-5x+\\frac{25}{4}\\right]`{=tex}+3 = `\\frac{25}{4}`{=tex}""}, {""record_type"": ""formula"", ""label"": ""formula-48"", ""content"": ""`\\left`{=tex}(x-`\\frac52`{=tex}`\\right`{=tex})\\^2+3 =\n`\\frac{25}{4}`{=tex}""}, {""record_type"": ""formula"", ""label"": ""formula-49"", ""content"": ""`\\left`{=tex}(x-`\\frac52`{=tex}`\\right`{=tex})\\^2 =\n`\\frac{13}{4}`{=tex}""}, {""record_type"": ""formula"", ""label"": ""formula-50"", ""content"": ""x-`\\frac52`{=tex} = `\\pm`{=tex}`\\sqrt{\\frac{13}{4}}`{=tex} =\n`\\pm`{=tex}`\\frac{\\sqrt{13}}`{=tex}2""}, {""record_type"": ""formula"", ""label"": ""formula-51"", ""content"": ""x = `\\frac52`{=tex}`\\pm`{=tex}`\\frac{\\sqrt{13}}`{=tex}2""}, {""record_type"": ""formula"", ""label"": ""formula-52"", ""content"": ""`\\boxed{x=\\frac{5\\pm\\sqrt{13}}2}`{=tex}""}, {""record_type"": ""formula"", ""label"": ""formula-53"", ""content"": ""ax\\^2+bx+c=0""}, {""record_type"": ""formula"", ""label"": ""formula-54"", ""content"": ""`\\left`{=tex}(x+`\\frac `{=tex}b{2a}`\\right`{=tex})\\^2 =\n`\\frac{b^2}{4a^2}`{=tex}-`\\frac `{=tex}ca""}, {""record_type"": ""formula"", ""label"": ""formula-55"", ""content"": ""`\\left`{=tex}(x+`\\frac `{=tex}b{2a}`\\right`{=tex})\\^2 =\n`\\frac{b^2-4ac}{4a^2}`{=tex}""}, {""record_type"": ""formula"", ""label"": ""formula-56"", ""content"": ""x+`\\frac `{=tex}b{2a} =\n`\\pm`{=tex}`\\sqrt{\\frac{b^2-4ac}{4a^2}}`{=tex}""}, {""record_type"": ""formula"", ""label"": ""formula-57"", ""content"": ""```{=tex}\n\\frac{\\pm\\sqrt{b^2-4ac}}{2a}\n```""}, {""record_type"": ""formula"", ""label"": ""formula-58"", ""content"": ""`\\boxed{\nx=\\frac{-b\\pm\\sqrt{b^2-4ac}}{2a}\n}`{=tex}""}, {""record_type"": ""formula"", ""label"": ""formula-59"", ""content"": ""`\\boxed{b^2-4ac}`{=tex}""}, {""record_type"": ""formula"", ""label"": ""formula-60"", ""content"": ""9x\\^2-30x+25=0,""}, {""record_type"": ""formula"", ""label"": ""formula-61"", ""content"": ""a=9,`\\qquad `{=tex}b=-30,`\\qquad `{=tex}c=25.""}, {""record_type"": ""formula"", ""label"": ""formula-62"", ""content"": ""x = `\\frac{30\\pm\\sqrt{(-30)^2-4(9)(25)}}{18}`{=tex}""}, {""record_type"": ""formula"", ""label"": ""formula-63"", ""content"": ""```{=tex}\n\\frac{30\\pm\\sqrt0}{18}\n```""}, {""record_type"": ""formula"", ""label"": ""formula-64"", ""content"": ""```{=tex}\n\\frac{30}{18}\n```""}, {""record_type"": ""formula"", ""label"": ""formula-65"", ""content"": ""`\\boxed{x=\\frac{15}{9}}`{=tex}""}, {""record_type"": ""formula"", ""label"": ""formula-66"", ""content"": ""y=x\\^2-6x+5,""}, {""record_type"": ""formula"", ""label"": ""formula-67"", ""content"": ""x\\^2-6x+(5-y)=0""}, {""record_type"": ""formula"", ""label"": ""formula-68"", ""content"": ""a=1,`\\qquad `{=tex}b=-6,`\\qquad `{=tex}c=5-y.""}, {""record_type"": ""formula"", ""label"": ""formula-69"", ""content"": ""x = `\\frac{6\\pm\\sqrt{36-4(5-y)}}`{=tex}2""}, {""record_type"": ""formula"", ""label"": ""formula-70"", ""content"": ""`\\frac{6\\pm\\sqrt{4(9-(5-y))}}`{=tex}2""}, {""record_type"": ""formula"", ""label"": ""formula-71"", ""content"": ""`\\frac{6\\pm2\\sqrt{9-(5-y)}}`{=tex}2""}, {""record_type"": ""formula"", ""label"": ""formula-72"", ""content"": ""3`\\pm`{=tex}`\\sqrt{9-(5-y)}`{=tex}""}, {""record_type"": ""formula"", ""label"": ""formula-73"", ""content"": ""9-(5-y)=4+y,""}, {""record_type"": ""formula"", ""label"": ""formula-74"", ""content"": ""`\\boxed{x=3\\pm\\sqrt{4+y}}`{=tex}""}, {""record_type"": ""topic"", ""label"": ""completing the square"", ""content"": ""completing the square""}, {""record_type"": ""topic"", ""label"": ""equations"", ""content"": ""equations""}, {""record_type"": ""topic"", ""label"": ""factoring"", ""content"": ""factoring""}, {""record_type"": ""topic"", ""label"": ""quadratic equations"", ""content"": ""quadratic equations""}, {""record_type"": ""topic"", ""label"": ""radicals"", ""content"": ""radicals""}]"
SRC-MD-831C7EE171C9,sources/lectures/2.4.md,lecture,2.4,2.4 --- Complex Numbers,"[""complex numbers"", ""equations"", ""factoring"", ""quadratic equations"", ""radicals""]",1,0,62,4161,831c7ee171c9daf9316e4f572515956176c754ab4c5941a1e45cfd5d1fc2321b,complete,"[{""record_type"": ""question"", ""label"": ""2.4 --- Complex Numbers"", ""content"": ""> Human-readable Markdown conversion of the scanned lecture notes,\n> preserved in source order.""}, {""record_type"": ""formula"", ""label"": ""formula-1"", ""content"": ""`\\boxed{i^2=-1}`{=tex}.""}, {""record_type"": ""formula"", ""label"": ""formula-2"", ""content"": ""`\\boxed{a+bi}`{=tex},""}, {""record_type"": ""formula"", ""label"": ""formula-3"", ""content"": ""1+i,`\\quad 2`{=tex}+i,`\\quad -1`{=tex}+2i,`\\quad 1`{=tex}+3i""}, {""record_type"": ""formula"", ""label"": ""formula-4"", ""content"": ""x\\^2=-1""}, {""record_type"": ""formula"", ""label"": ""formula-5"", ""content"": ""`\\boxed{x=i\\text{ or }x=-i}`{=tex}""}, {""record_type"": ""formula"", ""label"": ""formula-6"", ""content"": ""(-i)^2=(-1)^2i\\^2=-1.""}, {""record_type"": ""formula"", ""label"": ""formula-7"", ""content"": ""x\\^2=-9""}, {""record_type"": ""formula"", ""label"": ""formula-8"", ""content"": ""`\\boxed{x=3i\\text{ or }x=-3i}`{=tex}""}, {""record_type"": ""formula"", ""label"": ""formula-9"", ""content"": ""x\\^2=-5""}, {""record_type"": ""formula"", ""label"": ""formula-10"", ""content"": ""`\\boxed{x=i\\sqrt5\\text{ or }x=-i\\sqrt5}`{=tex}""}, {""record_type"": ""formula"", ""label"": ""formula-11"", ""content"": ""(3+4i)+(2+5i)""}, {""record_type"": ""formula"", ""label"": ""formula-12"", ""content"": ""=(3+2)+(4i+5i)""}, {""record_type"": ""formula"", ""label"": ""formula-13"", ""content"": ""`\\boxed{=5+9i}`{=tex}""}, {""record_type"": ""formula"", ""label"": ""formula-14"", ""content"": ""(3+4i)-(2+5i)""}, {""record_type"": ""formula"", ""label"": ""formula-15"", ""content"": ""=(3-2)+(4i-5i)""}, {""record_type"": ""formula"", ""label"": ""formula-16"", ""content"": ""`\\boxed{=1-i}`{=tex}""}, {""record_type"": ""formula"", ""label"": ""formula-17"", ""content"": ""(3+4i)(2+5i)""}, {""record_type"": ""formula"", ""label"": ""formula-18"", ""content"": ""3(2)+3(5i)+4i(2)+(4i)(5i)""}, {""record_type"": ""formula"", ""label"": ""formula-19"", ""content"": ""=6+15i+8i+20i\\^2""}, {""record_type"": ""formula"", ""label"": ""formula-20"", ""content"": ""i\\^2=-1,""}, {""record_type"": ""formula"", ""label"": ""formula-21"", ""content"": ""=6+23i-20""}, {""record_type"": ""formula"", ""label"": ""formula-22"", ""content"": ""`\\boxed{-14+23i}`{=tex}""}, {""record_type"": ""formula"", ""label"": ""formula-23"", ""content"": ""i\\^1=i""}, {""record_type"": ""formula"", ""label"": ""formula-24"", ""content"": ""i\\^2=-1""}, {""record_type"": ""formula"", ""label"": ""formula-25"", ""content"": ""i\\^3=-i""}, {""record_type"": ""formula"", ""label"": ""formula-26"", ""content"": ""i\\^4=1""}, {""record_type"": ""formula"", ""label"": ""formula-27"", ""content"": ""51=48+3.""}, {""record_type"": ""formula"", ""label"": ""formula-28"", ""content"": ""i^{51}=i^{48}i\\^3""}, {""record_type"": ""formula"", ""label"": ""formula-29"", ""content"": ""=(i^4)^{12}i\\^3""}, {""record_type"": ""formula"", ""label"": ""formula-30"", ""content"": ""=1`\\cdot `{=tex}i\\^3""}, {""record_type"": ""formula"", ""label"": ""formula-31"", ""content"": ""`\\boxed{-i}`{=tex}""}, {""record_type"": ""formula"", ""label"": ""formula-32"", ""content"": ""z=a+bi,""}, {""record_type"": ""formula"", ""label"": ""formula-33"", ""content"": ""`\\boxed{\\bar z=a-bi}`{=tex}.""}, {""record_type"": ""formula"", ""label"": ""formula-34"", ""content"": ""5+7i`\\longleftrightarrow5`{=tex}-7i""}, {""record_type"": ""formula"", ""label"": ""formula-35"", ""content"": ""-1-2i`\\longleftrightarrow-1`{=tex}+2i""}, {""record_type"": ""formula"", ""label"": ""formula-36"", ""content"": ""3=3+0i`\\longleftrightarrow3`{=tex}-0i=3""}, {""record_type"": ""formula"", ""label"": ""formula-37"", ""content"": ""3i=0+3i`\\longleftrightarrow0`{=tex}-3i=-3i""}, {""record_type"": ""formula"", ""label"": ""formula-38"", ""content"": ""`\\boxed{\\overline{\\bar z}=z}`{=tex}""}, {""record_type"": ""formula"", ""label"": ""formula-39"", ""content"": ""(a+bi)(a-bi)=a^2+b^2""}, {""record_type"": ""formula"", ""label"": ""formula-40"", ""content"": ""z`\\bar `{=tex}z""}, {""record_type"": ""formula"", ""label"": ""formula-41"", ""content"": ""`\\frac{7-i}{3-5i}`{=tex}""}, {""record_type"": ""formula"", ""label"": ""formula-42"", ""content"": ""a+bi""}, {""record_type"": ""formula"", ""label"": ""formula-43"", ""content"": ""3+5i.""}, {""record_type"": ""formula"", ""label"": ""formula-44"", ""content"": ""`\\frac{7-i}{3-5i}`{=tex} `\\cdot`{=tex} `\\frac{3+5i}{3+5i}`{=tex}""}, {""record_type"": ""formula"", ""label"": ""formula-45"", ""content"": ""(3-5i)(3+5i)=3^2+5^2=34.""}, {""record_type"": ""formula"", ""label"": ""formula-46"", ""content"": ""(7-i)(3+5i)""}, {""record_type"": ""formula"", ""label"": ""formula-47"", ""content"": ""=21+35i-3i-5i\\^2""}, {""record_type"": ""formula"", ""label"": ""formula-48"", ""content"": ""=21+32i+5""}, {""record_type"": ""formula"", ""label"": ""formula-49"", ""content"": ""=26+32i.""}, {""record_type"": ""formula"", ""label"": ""formula-50"", ""content"": ""`\\frac{7-i}{3-5i}`{=tex} = `\\frac{26+32i}{34}`{=tex}""}, {""record_type"": ""formula"", ""label"": ""formula-51"", ""content"": ""`\\frac{26}{34}`{=tex}+`\\frac{32}{34}`{=tex}i""}, {""record_type"": ""formula"", ""label"": ""formula-52"", ""content"": ""`\\boxed{\n\\frac{13}{17}+\\frac{16}{17}i\n}`{=tex}""}, {""record_type"": ""formula"", ""label"": ""formula-53"", ""content"": ""a=`\\frac{13}{17}`{=tex}, `\\qquad`{=tex} b=`\\frac{16}{17}`{=tex}.""}, {""record_type"": ""formula"", ""label"": ""formula-54"", ""content"": ""5x\\^2+2x+1=0""}, {""record_type"": ""formula"", ""label"": ""formula-55"", ""content"": ""a=5,`\\qquad `{=tex}b=2,`\\qquad `{=tex}c=1.""}, {""record_type"": ""formula"", ""label"": ""formula-56"", ""content"": ""x = `\\frac{-b\\pm\\sqrt{b^2-4ac}}{2a}`{=tex}""}, {""record_type"": ""formula"", ""label"": ""formula-57"", ""content"": ""```{=tex}\n\\frac{-2\\pm\\sqrt{2^2-4(5)(1)}}{2(5)}\n```""}, {""record_type"": ""formula"", ""label"": ""formula-58"", ""content"": ""```{=tex}\n\\frac{-2\\pm\\sqrt{4-20}}{10}\n```""}, {""record_type"": ""formula"", ""label"": ""formula-59"", ""content"": ""```{=tex}\n\\frac{-2\\pm\\sqrt{-16}}{10}\n```""}, {""record_type"": ""formula"", ""label"": ""formula-60"", ""content"": ""```{=tex}\n\\frac{-2\\pm4i}{10}\n```""}, {""record_type"": ""formula"", ""label"": ""formula-61"", ""content"": ""```{=tex}\n\\frac{2(-1\\pm2i)}{2(5)}\n```""}, {""record_type"": ""formula"", ""label"": ""formula-62"", ""content"": ""`\\boxed{x=\\frac{-1\\pm2i}{5}}`{=tex}""}, {""record_type"": ""topic"", ""label"": ""complex numbers"", ""content"": ""complex numbers""}, {""record_type"": ""topic"", ""label"": ""equations"", ""content"": ""equations""}, {""record_type"": ""topic"", ""label"": ""factoring"", ""content"": ""factoring""}, {""record_type"": ""topic"", ""label"": ""quadratic equations"", ""content"": ""quadratic equations""}, {""record_type"": ""topic"", ""label"": ""radicals"", ""content"": ""radicals""}]"
SRC-MD-2D238E43C865,sources/lectures/2.5.md,lecture,2.5,2.5 --- Other Types of Equations,"[""absolute value"", ""equations"", ""factoring"", ""functions"", ""quadratic equations"", ""radicals"", ""rational expressions""]",1,0,88,4563,2d238e43c86563f07dd2191e5a683d46c5b4854e43fc7b7bad75c2e024386e8b,complete,"[{""record_type"": ""question"", ""label"": ""2.5 --- Other Types of Equations"", ""content"": ""> Human-readable Markdown conversion of the scanned lecture notes.\n> Content is preserved in source order.""}, {""record_type"": ""example"", ""label"": ""Example"", ""content"": ""\\[ 3\\|x+1\\|-2=-11 \\]\n\nAdd (2):\n\n\\[ 3\\|x+1\\|=-9 \\]\n\nDivide by (3):\n\n\\[ \\|x+1\\|=-3 \\]\n\nThere are **no solutions**, because absolute value is never negative.\n\nThe notes contrast this with:\n\n\\[ \\|x+1\\|=3 \\]\n\nwhich gives\n\n\\[ x+1=3 `\\quad `{=tex}`\\text{or}`{=tex} `\\quad `{=tex}x+1=-3 \\]\n\nso\n\n\\[ x=2 `\\quad `{=tex}`\\text{or}`{=tex} `\\quad `{=tex}x=-4. \\]""}, {""record_type"": ""example"", ""label"": ""Example"", ""content"": ""\\[ \\|x-2\\|+5=5 \\]\n\n\\[ \\|x-2\\|=0 \\]\n\n\\[ x-2=0 \\]\n\n\\[ `\\boxed{x=2}`{=tex} \\]\n\n------------------------------------------------------------------------""}, {""record_type"": ""example"", ""label"": ""Example"", ""content"": ""\\[ y\\^{3/2}=5y \\]\n\nRearrange so one side is zero:\n\n\\[ y\\^{3/2}-5y=0 \\]\n\nFactor:\n\n\\[ y(y\\^{1/2}-5)=0 \\]\n\nTherefore either\n\n\\[ y=0 \\]\n\nor\n\n\\[ y\\^{1/2}-5=0. \\]\n\nFor the second case:\n\n\\[ y\\^{1/2}=5 \\]\n\n\\[ (y^{1/2})^2=5\\^2 \\]\n\n\\[ `\\boxed{y=25}`{=tex} \\]\n\nSo the solutions are\n\n\\[ `\\boxed{y=0,\\ 25}`{=tex} \\]""}, {""record_type"": ""example"", ""label"": ""Example"", ""content"": ""\\[ y\\^{4/3}=-3y \\]\n\nMove everything to one side:\n\n\\[ y\\^{4/3}+3y=0 \\]\n\nFactor:\n\n\\[ y(y\\^{1/3}+3)=0 \\]\n\nTherefore:\n\n\\[ y=0 \\]\n\nor\n\n\\[ y\\^{1/3}+3=0. \\]\n\nThen\n\n\\[ y\\^{1/3}=-3 \\]\n\n\\[ (y^{1/3})^3=(-3)\\^3 \\]\n\n\\[ `\\boxed{y=-27}`{=tex} \\]\n\nThus:\n\n\\[ `\\boxed{y=0,\\ -27}`{=tex} \\]\n\n------------------------------------------------------------------------""}, {""record_type"": ""example"", ""label"": ""Example"", ""content"": ""\\[ 2x^4-10x^2+8=0 \\]\n\nFactor out (2):\n\n\\[ 2(x^4-5x^2+4)=0 \\]\n\nNotice:\n\n\\[ x^4=(x^2)\\^2 \\]\n\nUse the substitution\n\n\\[ u=x\\^2. \\]\n\nThen:\n\n\\[ 2(u\\^2-5u+4)=0 \\]\n\nDivide by (2):\n\n\\[ u\\^2-5u+4=0 \\]\n\nFactor:\n\n\\[ u\\^2-u-4u+4=0 \\]\n\n\\[ u(u-1)-4(u-1)=0 \\]\n\n\\[ (u-4)(u-1)=0 \\]\n\nTherefore:\n\n\\[ u=4 `\\quad `{=tex}`\\text{or}`{=tex} `\\quad `{=tex}u=1. \\]\n\nSubstitute back (u=x\\^2):\n\n\\[ x\\^2=4 `\\Rightarrow `{=tex}x=`\\pm2`{=tex} \\]\n\n\\[ x\\^2=1 `\\Rightarrow `{=tex}x=`\\pm1`{=tex} \\]\n\nFinal solutions:\n\n\\[ `\\boxed{x=\\pm1,\\ \\pm2}`{=tex} \\]\n\n------------------------------------------------------------------------""}, {""record_type"": ""example"", ""label"": ""Page 4 --- Another Substitution Example"", ""content"": """"}, {""record_type"": ""example"", ""label"": ""Example"", ""content"": ""\\[ 3x^{2/3}+4x^{1/3}-4=0 \\]\n\nLet\n\n\\[ u=x\\^{1/3}. \\]\n\nThen\n\n\\[ x^{2/3}=(x^{1/3})^2=u^2. \\]\n\nSo:\n\n\\[ 3u\\^2+4u-4=0 \\]\n\nSplit the middle term:\n\n\\[ 3u\\^2+6u-2u-4=0 \\]\n\nGroup:\n\n\\[ 3u(u+2)-2(u+2)=0 \\]\n\n\\[ (3u-2)(u+2)=0 \\]\n\nThus:\n\n\\[ u=`\\frac23`{=tex} `\\quad `{=tex}`\\text{or}`{=tex} `\\quad `{=tex}u=-2.\n\\]\n\nSince\n\n\\[ u=x\\^{1/3}, \\]\n\nthen\n\n\\[ x=u\\^3. \\]\n\nTherefore:\n\n\\[ x=`\\left`{=tex}(`\\frac23`{=tex}`\\right`{=tex})\\^3=`\\frac8{27}`{=tex}\n\\]\n\nor\n\n\\[ x=(-2)\\^3=-8. \\]\n\n\\[ `\\boxed{x=\\frac8{27}\\text{ or }-8}`{=tex} \\]\n\n------------------------------------------------------------------------""}, {""record_type"": ""example"", ""label"": ""Example"", ""content"": ""\\[ `\\left`{=tex}(`\\frac{x}{x-2}`{=tex}`\\right`{=tex})\\^2\n-2`\\left`{=tex}(`\\frac{x}{x-2}`{=tex}`\\right`{=tex}) -15=0 \\]\n\nLet\n\n\\[ u=`\\frac{x}{x-2}`{=tex}. \\]\n\nThen:\n\n\\[ u\\^2-2u-15=0 \\]\n\nFactor:\n\n\\[ (u-5)(u+3)=0 \\]\n\nSo:\n\n\\[ u=5 `\\quad `{=tex}`\\text{or}`{=tex} `\\quad `{=tex}u=-3. \\]""}, {""record_type"": ""example"", ""label"": ""Example"", ""content"": ""\\[ `\\sqrt[3]{x^2-1}`{=tex}=2 \\]\n\nCube both sides:\n\n\\[ `\\left`{=tex}(`\\sqrt[3]{x^2-1}`{=tex}`\\right`{=tex})^3=2^3 \\]\n\n\\[ x\\^2-1=8 \\]\n\n\\[ x\\^2=9 \\]\n\n\\[ x=`\\pm`{=tex}`\\sqrt9`{=tex} \\]\n\n\\[ `\\boxed{x=\\pm3}`{=tex} \\]\n\n------------------------------------------------------------------------""}, {""record_type"": ""example"", ""label"": ""Example"", ""content"": ""\\[ `\\sqrt{2x-3}`{=tex}-`\\sqrt{x+7}`{=tex}+2=0 \\]\n\nRearrange:\n\n\\[ `\\sqrt{2x-3}`{=tex}+2=`\\sqrt{x+7}`{=tex} \\]\n\nSquare both sides:\n\n\\[ (`\\sqrt{2x-3}`{=tex}+2)^2=(`\\sqrt{x+7}`{=tex})^2 \\]\n\nExpand:\n\n\\[ (2x-3)+4`\\sqrt{2x-3}`{=tex}+4=x+7 \\]\n\nRearrange:\n\n\\[ 4`\\sqrt{2x-3}`{=tex}=-x+6 \\]\n\nSquare again:\n\n\\[ 4^2(2x-3)=(-x+6)^2 \\]\n\n\\[ 16(2x-3)=x\\^2-12x+36 \\]\n\nMove everything to one side:\n\n\\[ x\\^2-44x+84=0 \\]\n\nQuadratic formula:\n\n\\[ x=`\\frac{-b\\pm\\sqrt{b^2-4ac}}{2a}`{=tex} \\]\n\n\\[ x=`\\frac{44\\pm\\sqrt{44^2-4(84)}}`{=tex}2 \\]\n\n\\[ =`\\frac{44\\pm40}{2}`{=tex} \\]\n\nThis produces the candidates\n\n\\[ x=42 `\\quad `{=tex}`\\text{or}`{=tex} `\\quad `{=tex}x=2. \\]\n\nThe notes cross out (42), leaving\n\n\\[ `\\boxed{x=2}`{=tex} \\]\n\nafter checking against the original radical equation.""}, {""record_type"": ""formula"", ""label"": ""formula-1"", ""content"": ""3\\|x+1\\|-2=-11""}, {""record_type"": ""formula"", ""label"": ""formula-2"", ""content"": ""3\\|x+1\\|=-9""}, {""record_type"": ""formula"", ""label"": ""formula-3"", ""content"": ""\\|x+1\\|=-3""}, {""record_type"": ""formula"", ""label"": ""formula-4"", ""content"": ""\\|x+1\\|=3""}, {""record_type"": ""formula"", ""label"": ""formula-5"", ""content"": ""x+1=3 `\\quad `{=tex}`\\text{or}`{=tex} `\\quad `{=tex}x+1=-3""}, {""record_type"": ""formula"", ""label"": ""formula-6"", ""content"": ""x=2 `\\quad `{=tex}`\\text{or}`{=tex} `\\quad `{=tex}x=-4.""}, {""record_type"": ""formula"", ""label"": ""formula-7"", ""content"": ""\\|x-2\\|+5=5""}, {""record_type"": ""formula"", ""label"": ""formula-8"", ""content"": ""\\|x-2\\|=0""}, {""record_type"": ""formula"", ""label"": ""formula-9"", ""content"": ""x-2=0""}, {""record_type"": ""formula"", ""label"": ""formula-10"", ""content"": ""`\\boxed{x=2}`{=tex}""}, {""record_type"": ""formula"", ""label"": ""formula-11"", ""content"": ""y\\^{3/2}=5y""}, {""record_type"": ""formula"", ""label"": ""formula-12"", ""content"": ""y\\^{3/2}-5y=0""}, {""record_type"": ""formula"", ""label"": ""formula-13"", ""content"": ""y(y\\^{1/2}-5)=0""}, {""record_type"": ""formula"", ""label"": ""formula-14"", ""content"": ""y=0""}, {""record_type"": ""formula"", ""label"": ""formula-15"", ""content"": ""y\\^{1/2}-5=0.""}, {""record_type"": ""formula"", ""label"": ""formula-16"", ""content"": ""y\\^{1/2}=5""}, {""record_type"": ""formula"", ""label"": ""formula-17"", ""content"": ""(y^{1/2})^2=5\\^2""}, {""record_type"": ""formula"", ""label"": ""formula-18"", ""content"": ""`\\boxed{y=25}`{=tex}""}, {""record_type"": ""formula"", ""label"": ""formula-19"", ""content"": ""`\\boxed{y=0,\\ 25}`{=tex}""}, {""record_type"": ""formula"", ""label"": ""formula-20"", ""content"": ""y\\^{4/3}=-3y""}, {""record_type"": ""formula"", ""label"": ""formula-21"", ""content"": ""y\\^{4/3}+3y=0""}, {""record_type"": ""formula"", ""label"": ""formula-22"", ""content"": ""y(y\\^{1/3}+3)=0""}, {""record_type"": ""formula"", ""label"": ""formula-23"", ""content"": ""y=0""}, {""record_type"": ""formula"", ""label"": ""formula-24"", ""content"": ""y\\^{1/3}+3=0.""}, {""record_type"": ""formula"", ""label"": ""formula-25"", ""content"": ""y\\^{1/3}=-3""}, {""record_type"": ""formula"", ""label"": ""formula-26"", ""content"": ""(y^{1/3})^3=(-3)\\^3""}, {""record_type"": ""formula"", ""label"": ""formula-27"", ""content"": ""`\\boxed{y=-27}`{=tex}""}, {""record_type"": ""formula"", ""label"": ""formula-28"", ""content"": ""`\\boxed{y=0,\\ -27}`{=tex}""}, {""record_type"": ""formula"", ""label"": ""formula-29"", ""content"": ""2x^4-10x^2+8=0""}, {""record_type"": ""formula"", ""label"": ""formula-30"", ""content"": ""2(x^4-5x^2+4)=0""}, {""record_type"": ""formula"", ""label"": ""formula-31"", ""content"": ""x^4=(x^2)\\^2""}, {""record_type"": ""formula"", ""label"": ""formula-32"", ""content"": ""u=x\\^2.""}, {""record_type"": ""formula"", ""label"": ""formula-33"", ""content"": ""2(u\\^2-5u+4)=0""}, {""record_type"": ""formula"", ""label"": ""formula-34"", ""content"": ""u\\^2-5u+4=0""}, {""record_type"": ""formula"", ""label"": ""formula-35"", ""content"": ""u\\^2-u-4u+4=0""}, {""record_type"": ""formula"", ""label"": ""formula-36"", ""content"": ""u(u-1)-4(u-1)=0""}, {""record_type"": ""formula"", ""label"": ""formula-37"", ""content"": ""(u-4)(u-1)=0""}, {""record_type"": ""formula"", ""label"": ""formula-38"", ""content"": ""u=4 `\\quad `{=tex}`\\text{or}`{=tex} `\\quad `{=tex}u=1.""}, {""record_type"": ""formula"", ""label"": ""formula-39"", ""content"": ""x\\^2=4 `\\Rightarrow `{=tex}x=`\\pm2`{=tex}""}, {""record_type"": ""formula"", ""label"": ""formula-40"", ""content"": ""x\\^2=1 `\\Rightarrow `{=tex}x=`\\pm1`{=tex}""}, {""record_type"": ""formula"", ""label"": ""formula-41"", ""content"": ""`\\boxed{x=\\pm1,\\ \\pm2}`{=tex}""}, {""record_type"": ""formula"", ""label"": ""formula-42"", ""content"": ""3x^{2/3}+4x^{1/3}-4=0""}, {""record_type"": ""formula"", ""label"": ""formula-43"", ""content"": ""u=x\\^{1/3}.""}, {""record_type"": ""formula"", ""label"": ""formula-44"", ""content"": ""x^{2/3}=(x^{1/3})^2=u^2.""}, {""record_type"": ""formula"", ""label"": ""formula-45"", ""content"": ""3u\\^2+4u-4=0""}, {""record_type"": ""formula"", ""label"": ""formula-46"", ""content"": ""3u\\^2+6u-2u-4=0""}, {""record_type"": ""formula"", ""label"": ""formula-47"", ""content"": ""3u(u+2)-2(u+2)=0""}, {""record_type"": ""formula"", ""label"": ""formula-48"", ""content"": ""(3u-2)(u+2)=0""}, {""record_type"": ""formula"", ""label"": ""formula-49"", ""content"": ""u=`\\frac23`{=tex} `\\quad `{=tex}`\\text{or}`{=tex} `\\quad `{=tex}u=-2.""}, {""record_type"": ""formula"", ""label"": ""formula-50"", ""content"": ""u=x\\^{1/3},""}, {""record_type"": ""formula"", ""label"": ""formula-51"", ""content"": ""x=u\\^3.""}, {""record_type"": ""formula"", ""label"": ""formula-52"", ""content"": ""x=`\\left`{=tex}(`\\frac23`{=tex}`\\right`{=tex})\\^3=`\\frac8{27}`{=tex}""}, {""record_type"": ""formula"", ""label"": ""formula-53"", ""content"": ""x=(-2)\\^3=-8.""}, {""record_type"": ""formula"", ""label"": ""formula-54"", ""content"": ""`\\boxed{x=\\frac8{27}\\text{ or }-8}`{=tex}""}, {""record_type"": ""formula"", ""label"": ""formula-55"", ""content"": ""`\\left`{=tex}(`\\frac{x}{x-2}`{=tex}`\\right`{=tex})\\^2\n-2`\\left`{=tex}(`\\frac{x}{x-2}`{=tex}`\\right`{=tex}) -15=0""}, {""record_type"": ""formula"", ""label"": ""formula-56"", ""content"": ""u=`\\frac{x}{x-2}`{=tex}.""}, {""record_type"": ""formula"", ""label"": ""formula-57"", ""content"": ""u\\^2-2u-15=0""}, {""record_type"": ""formula"", ""label"": ""formula-58"", ""content"": ""(u-5)(u+3)=0""}, {""record_type"": ""formula"", ""label"": ""formula-59"", ""content"": ""u=5 `\\quad `{=tex}`\\text{or}`{=tex} `\\quad `{=tex}u=-3.""}, {""record_type"": ""formula"", ""label"": ""formula-60"", ""content"": ""`\\frac{x}{x-2}`{=tex}=5""}, {""record_type"": ""formula"", ""label"": ""formula-61"", ""content"": ""x=5(x-2)""}, {""record_type"": ""formula"", ""label"": ""formula-62"", ""content"": ""x=5x-10""}, {""record_type"": ""formula"", ""label"": ""formula-63"", ""content"": ""-4x=-10""}, {""record_type"": ""formula"", ""label"": ""formula-64"", ""content"": ""`\\boxed{x=\\frac52}`{=tex}""}, {""record_type"": ""formula"", ""label"": ""formula-65"", ""content"": ""`\\frac{x}{x-2}`{=tex}=-3""}, {""record_type"": ""formula"", ""label"": ""formula-66"", ""content"": ""x=-3(x-2)""}, {""record_type"": ""formula"", ""label"": ""formula-67"", ""content"": ""x=-3x+6""}, {""record_type"": ""formula"", ""label"": ""formula-68"", ""content"": ""4x=6""}, {""record_type"": ""formula"", ""label"": ""formula-69"", ""content"": ""`\\boxed{x=\\frac32}`{=tex}""}, {""record_type"": ""formula"", ""label"": ""formula-70"", ""content"": ""`\\sqrt[3]{x^2-1}`{=tex}=2""}, {""record_type"": ""formula"", ""label"": ""formula-71"", ""content"": ""`\\left`{=tex}(`\\sqrt[3]{x^2-1}`{=tex}`\\right`{=tex})^3=2^3""}, {""record_type"": ""formula"", ""label"": ""formula-72"", ""content"": ""x\\^2-1=8""}, {""record_type"": ""formula"", ""label"": ""formula-73"", ""content"": ""x\\^2=9""}, {""record_type"": ""formula"", ""label"": ""formula-74"", ""content"": ""x=`\\pm`{=tex}`\\sqrt9`{=tex}""}, {""record_type"": ""formula"", ""label"": ""formula-75"", ""content"": ""`\\boxed{x=\\pm3}`{=tex}""}, {""record_type"": ""formula"", ""label"": ""formula-76"", ""content"": ""`\\sqrt{2x-3}`{=tex}-`\\sqrt{x+7}`{=tex}+2=0""}, {""record_type"": ""formula"", ""label"": ""formula-77"", ""content"": ""`\\sqrt{2x-3}`{=tex}+2=`\\sqrt{x+7}`{=tex}""}, {""record_type"": ""formula"", ""label"": ""formula-78"", ""content"": ""(`\\sqrt{2x-3}`{=tex}+2)^2=(`\\sqrt{x+7}`{=tex})^2""}, {""record_type"": ""formula"", ""label"": ""formula-79"", ""content"": ""(2x-3)+4`\\sqrt{2x-3}`{=tex}+4=x+7""}, {""record_type"": ""formula"", ""label"": ""formula-80"", ""content"": ""4`\\sqrt{2x-3}`{=tex}=-x+6""}, {""record_type"": ""formula"", ""label"": ""formula-81"", ""content"": ""4^2(2x-3)=(-x+6)^2""}, {""record_type"": ""formula"", ""label"": ""formula-82"", ""content"": ""16(2x-3)=x\\^2-12x+36""}, {""record_type"": ""formula"", ""label"": ""formula-83"", ""content"": ""x\\^2-44x+84=0""}, {""record_type"": ""formula"", ""label"": ""formula-84"", ""content"": ""x=`\\frac{-b\\pm\\sqrt{b^2-4ac}}{2a}`{=tex}""}, {""record_type"": ""formula"", ""label"": ""formula-85"", ""content"": ""x=`\\frac{44\\pm\\sqrt{44^2-4(84)}}`{=tex}2""}, {""record_type"": ""formula"", ""label"": ""formula-86"", ""content"": ""=`\\frac{44\\pm40}{2}`{=tex}""}, {""record_type"": ""formula"", ""label"": ""formula-87"", ""content"": ""x=42 `\\quad `{=tex}`\\text{or}`{=tex} `\\quad `{=tex}x=2.""}, {""record_type"": ""formula"", ""label"": ""formula-88"", ""content"": ""`\\boxed{x=2}`{=tex}""}, {""record_type"": ""topic"", ""label"": ""absolute value"", ""content"": ""absolute value""}, {""record_type"": ""topic"", ""label"": ""equations"", ""content"": ""equations""}, {""record_type"": ""topic"", ""label"": ""factoring"", ""content"": ""factoring""}, {""record_type"": ""topic"", ""label"": ""functions"", ""content"": ""functions""}, {""record_type"": ""topic"", ""label"": ""quadratic equations"", ""content"": ""quadratic equations""}, {""record_type"": ""topic"", ""label"": ""radicals"", ""content"": ""radicals""}, {""record_type"": ""topic"", ""label"": ""rational expressions"", ""content"": ""rational expressions""}]"
SRC-MD-EB050EBA6EB8,sources/lectures/2.6.md,lecture,2.6,2.6 --- Inequalities,"[""absolute value"", ""equations"", ""functions"", ""inequalities""]",1,0,59,4656,eb050eba6eb8d82da33230484897942cf0888e36ff60385ed7a838213376cce6,complete,"[{""record_type"": ""question"", ""label"": ""2.6 --- Inequalities"", ""content"": ""> Human-readable Markdown conversion of the scanned lecture notes.\n> Content is preserved in source order.""}, {""record_type"": ""example"", ""label"": ""Example"", ""content"": ""\\[ 2x+3\\>11 \\]\n\nTest values:\n\nFor (x=3):\n\n\\[ 2(3)+3=9 \\]\n\nand\n\n\\[ 9\\>11 \\]\n\nis false.\n\nFor (x=4):\n\n\\[ 2(4)+3=11 \\]\n\nand\n\n\\[ 11\\>11 \\]\n\nis false.\n\nFor (x=5):\n\n\\[ 2(5)+3=13 \\]\n\nand\n\n\\[ 13\\>11 \\]\n\nis true.\n\n------------------------------------------------------------------------""}, {""record_type"": ""example"", ""label"": ""Example"", ""content"": ""\\[ 4x-3\\<2x+5 \\]""}, {""record_type"": ""example"", ""label"": ""Example"", ""content"": ""\\[ `\\frac{-2}{4-3x}`{=tex}\\>0 \\]\n\nDomain restriction:\n\n\\[ 4-3x`\\ne0`{=tex} \\]\n\nso\n\n\\[ `\\boxed{x\\ne\\frac43}`{=tex}. \\]\n\nFor a quotient to be positive, numerator and denominator must have the\nsame sign.\n\nThe numerator (-2) is negative, so the denominator must also be\nnegative:\n\n\\[ 4-3x\\<0 \\]\n\n\\[ -3x\\<-4 \\]\n\nDividing by (-3) flips the inequality:\n\n\\[ x\\>`\\frac43`{=tex}. \\]\n\nTherefore:\n\n\\[ `\\boxed{\\left(\\frac43,\\infty\\right)}`{=tex} \\]\n\nThe notes summarize the sign logic:\n\n\\[ `\\frac `{=tex}ab\\>0 \\]\n\nwhen either\n\n\\[ a\\>0`\\text{ and }`{=tex}b\\>0 \\]\n\nor\n\n\\[ a\\<0`\\text{ and }`{=tex}b\\<0. \\]\n\n------------------------------------------------------------------------""}, {""record_type"": ""example"", ""label"": ""Example"", ""content"": ""\\[ \\|x\\|\\<3 \\]\n\nThis means (x) is less than (3) units away from (0):\n\n\\[ -3\\<x\\<3. \\]\n\nTherefore:\n\n\\[ `\\boxed{x\\in(-3,3)}`{=tex} \\]\n\n------------------------------------------------------------------------""}, {""record_type"": ""example"", ""label"": ""Example"", ""content"": ""\\[ \\|2x+3\\|\\>9 \\]\n\nThe expression (2x+3) is at a distance greater than (9) from (0).\n\nThis produces a **disjunction**:\n\n\\[ 2x+3\\<-9 \\]\n\nor\n\n\\[ 2x+3\\>9. \\]\n\nFirst branch:\n\n\\[ 2x\\<-12 \\]\n\n\\[ x\\<-6. \\]\n\nSecond branch:\n\n\\[ 2x\\>6 \\]\n\n\\[ x\\>3. \\]\n\nFinal answer:\n\n\\[ `\\boxed{(-\\infty,-6)\\cup(3,\\infty)}`{=tex} \\]\n\n------------------------------------------------------------------------""}, {""record_type"": ""example"", ""label"": ""Example"", ""content"": ""\\[ `\\frac{2}{|2x+3|}`{=tex}`\\ge5`{=tex} \\]\n\nDomain restriction:\n\n\\[ 2x+3`\\ne0`{=tex} \\]\n\nso\n\n\\[ `\\boxed{x\\ne-\\frac32}`{=tex}. \\]\n\nWithin the domain,\n\n\\[ \\|2x+3\\|\\>0, \\]\n\nso multiply both sides by (\\|2x+3\\|):\n\n\\[ 2`\\ge5`{=tex}\\|2x+3\\|. \\]\n\nDivide by (5):\n\n\\[ \\|2x+3\\|`\\le`{=tex}`\\frac25`{=tex}. \\]\n\nConvert to a compound inequality:\n\n\\[ -`\\frac25`{=tex}`\\le`{=tex}2x+3`\\le`{=tex}`\\frac25`{=tex}. \\]\n\nSubtract (3):\n\n\\[ -`\\frac{17}{5}`{=tex}`\\le`{=tex}2x`\\le`{=tex}-`\\frac{13}{5}`{=tex}.\n\\]\n\nDivide by (2):\n\n\\[ -`\\frac{17}{10}`{=tex}`\\le `{=tex}x`\\le`{=tex}-`\\frac{13}{10}`{=tex}.\n\\]\n\nThe notes box:\n\n\\[ `\\boxed{\\left[-\\frac{17}{10},-\\frac{13}{10}\\right]}`{=tex} \\]\n\nwith the earlier domain restriction (x`\\ne`{=tex}-`\\frac32`{=tex}) also\nnoted on the page.""}, {""record_type"": ""formula"", ""label"": ""formula-1"", ""content"": ""\\<,\u00a0\\>,\u00a0`\\le`{=tex},\u00a0`\\ge`{=tex}.""}, {""record_type"": ""formula"", ""label"": ""formula-2"", ""content"": ""2x+3\\>11""}, {""record_type"": ""formula"", ""label"": ""formula-3"", ""content"": ""2(3)+3=9""}, {""record_type"": ""formula"", ""label"": ""formula-4"", ""content"": ""9\\>11""}, {""record_type"": ""formula"", ""label"": ""formula-5"", ""content"": ""2(4)+3=11""}, {""record_type"": ""formula"", ""label"": ""formula-6"", ""content"": ""11\\>11""}, {""record_type"": ""formula"", ""label"": ""formula-7"", ""content"": ""2(5)+3=13""}, {""record_type"": ""formula"", ""label"": ""formula-8"", ""content"": ""13\\>11""}, {""record_type"": ""formula"", ""label"": ""formula-9"", ""content"": ""a,b""}, {""record_type"": ""formula"", ""label"": ""formula-10"", ""content"": ""a,b))                             (a`\\le `{=tex}x\\<b)\n  ((a,b""}, {""record_type"": ""formula"", ""label"": ""formula-11"", ""content"": ""a,`\\infty`{=tex}))                (x`\\ge `{=tex}a)\n  ((-`\\infty`{=tex},b))                (x\\<b)\n  ((-`\\infty`{=tex},b""}, {""record_type"": ""formula"", ""label"": ""formula-12"", ""content"": ""4x-3\\<2x+5""}, {""record_type"": ""formula"", ""label"": ""formula-13"", ""content"": ""4x-2x\\<5+3""}, {""record_type"": ""formula"", ""label"": ""formula-14"", ""content"": ""2x\\<8""}, {""record_type"": ""formula"", ""label"": ""formula-15"", ""content"": ""x\\<4""}, {""record_type"": ""formula"", ""label"": ""formula-16"", ""content"": ""`\\boxed{(-\\infty,4)}`{=tex}""}, {""record_type"": ""formula"", ""label"": ""formula-17"", ""content"": ""-3-5\\<2x-4x""}, {""record_type"": ""formula"", ""label"": ""formula-18"", ""content"": ""-8\\<-2x""}, {""record_type"": ""formula"", ""label"": ""formula-19"", ""content"": ""4\\>x""}, {""record_type"": ""formula"", ""label"": ""formula-20"", ""content"": ""x\\<4.""}, {""record_type"": ""formula"", ""label"": ""formula-21"", ""content"": ""-6\\<2x-4`\\le2`{=tex}""}, {""record_type"": ""formula"", ""label"": ""formula-22"", ""content"": ""-6\\<2x-4""}, {""record_type"": ""formula"", ""label"": ""formula-23"", ""content"": ""2x-4`\\le2`{=tex}.""}, {""record_type"": ""formula"", ""label"": ""formula-24"", ""content"": ""-6+4\\<2x`\\le2`{=tex}+4""}, {""record_type"": ""formula"", ""label"": ""formula-25"", ""content"": ""-2\\<2x`\\le6`{=tex}""}, {""record_type"": ""formula"", ""label"": ""formula-26"", ""content"": ""-1\\<x`\\le3`{=tex}""}, {""record_type"": ""formula"", ""label"": ""formula-27"", ""content"": ""`\\boxed{(-1,3]}`{=tex}""}, {""record_type"": ""formula"", ""label"": ""formula-28"", ""content"": ""(-1,`\\infty`{=tex})`\\cap`{=tex}(-`\\infty`{=tex},3""}, {""record_type"": ""formula"", ""label"": ""formula-29"", ""content"": ""`\\frac{-2}{4-3x}`{=tex}\\>0""}, {""record_type"": ""formula"", ""label"": ""formula-30"", ""content"": ""4-3x`\\ne0`{=tex}""}, {""record_type"": ""formula"", ""label"": ""formula-31"", ""content"": ""`\\boxed{x\\ne\\frac43}`{=tex}.""}, {""record_type"": ""formula"", ""label"": ""formula-32"", ""content"": ""4-3x\\<0""}, {""record_type"": ""formula"", ""label"": ""formula-33"", ""content"": ""-3x\\<-4""}, {""record_type"": ""formula"", ""label"": ""formula-34"", ""content"": ""x\\>`\\frac43`{=tex}.""}, {""record_type"": ""formula"", ""label"": ""formula-35"", ""content"": ""`\\boxed{\\left(\\frac43,\\infty\\right)}`{=tex}""}, {""record_type"": ""formula"", ""label"": ""formula-36"", ""content"": ""`\\frac `{=tex}ab\\>0""}, {""record_type"": ""formula"", ""label"": ""formula-37"", ""content"": ""a\\>0`\\text{ and }`{=tex}b\\>0""}, {""record_type"": ""formula"", ""label"": ""formula-38"", ""content"": ""a\\<0`\\text{ and }`{=tex}b\\<0.""}, {""record_type"": ""formula"", ""label"": ""formula-39"", ""content"": ""\\|x\\|\\<3""}, {""record_type"": ""formula"", ""label"": ""formula-40"", ""content"": ""-3\\<x\\<3.""}, {""record_type"": ""formula"", ""label"": ""formula-41"", ""content"": ""`\\boxed{x\\in(-3,3)}`{=tex}""}, {""record_type"": ""formula"", ""label"": ""formula-42"", ""content"": ""\\|2x+3\\|\\>9""}, {""record_type"": ""formula"", ""label"": ""formula-43"", ""content"": ""2x+3\\<-9""}, {""record_type"": ""formula"", ""label"": ""formula-44"", ""content"": ""2x+3\\>9.""}, {""record_type"": ""formula"", ""label"": ""formula-45"", ""content"": ""2x\\<-12""}, {""record_type"": ""formula"", ""label"": ""formula-46"", ""content"": ""x\\<-6.""}, {""record_type"": ""formula"", ""label"": ""formula-47"", ""content"": ""2x\\>6""}, {""record_type"": ""formula"", ""label"": ""formula-48"", ""content"": ""x\\>3.""}, {""record_type"": ""formula"", ""label"": ""formula-49"", ""content"": ""`\\boxed{(-\\infty,-6)\\cup(3,\\infty)}`{=tex}""}, {""record_type"": ""formula"", ""label"": ""formula-50"", ""content"": ""`\\frac{2}{|2x+3|}`{=tex}`\\ge5`{=tex}""}, {""record_type"": ""formula"", ""label"": ""formula-51"", ""content"": ""2x+3`\\ne0`{=tex}""}, {""record_type"": ""formula"", ""label"": ""formula-52"", ""content"": ""`\\boxed{x\\ne-\\frac32}`{=tex}.""}, {""record_type"": ""formula"", ""label"": ""formula-53"", ""content"": ""\\|2x+3\\|\\>0,""}, {""record_type"": ""formula"", ""label"": ""formula-54"", ""content"": ""2`\\ge5`{=tex}\\|2x+3\\|.""}, {""record_type"": ""formula"", ""label"": ""formula-55"", ""content"": ""\\|2x+3\\|`\\le`{=tex}`\\frac25`{=tex}.""}, {""record_type"": ""formula"", ""label"": ""formula-56"", ""content"": ""-`\\frac25`{=tex}`\\le`{=tex}2x+3`\\le`{=tex}`\\frac25`{=tex}.""}, {""record_type"": ""formula"", ""label"": ""formula-57"", ""content"": ""-`\\frac{17}{5}`{=tex}`\\le`{=tex}2x`\\le`{=tex}-`\\frac{13}{5}`{=tex}.""}, {""record_type"": ""formula"", ""label"": ""formula-58"", ""content"": ""-`\\frac{17}{10}`{=tex}`\\le `{=tex}x`\\le`{=tex}-`\\frac{13}{10}`{=tex}.""}, {""record_type"": ""formula"", ""label"": ""formula-59"", ""content"": ""`\\boxed{\\left[-\\frac{17}{10},-\\frac{13}{10}\\right]}`{=tex}""}, {""record_type"": ""topic"", ""label"": ""absolute value"", ""content"": ""absolute value""}, {""record_type"": ""topic"", ""label"": ""equations"", ""content"": ""equations""}, {""record_type"": ""topic"", ""label"": ""functions"", ""content"": ""functions""}, {""record_type"": ""topic"", ""label"": ""inequalities"", ""content"": ""inequalities""}]"
SRC-MD-AD707E24D966,sources/lectures/2.7.md,lecture,2.7,2.7 --- More on Inequalities,"[""factoring"", ""functions"", ""inequalities"", ""polynomials"", ""rational expressions""]",1,0,30,4144,ad707e24d966b6adc1605c70dc94e85332e14af7612b6b61c5df60d0dafacf2d,complete,"[{""record_type"": ""question"", ""label"": ""2.7 --- More on Inequalities"", ""content"": ""> Human-readable Markdown conversion of the scanned lecture notes.\n> Content is preserved in source order.""}, {""record_type"": ""example"", ""label"": ""Example"", ""content"": ""\\[ `\\frac{(2x+1)^2(x-1)}`{=tex} {x(x\\^2-1)}\\>0 \\]\n\nFactor:\n\n\\[ x\\^2-1=(x-1)(x+1). \\]\n\nThus:\n\n\\[ `\\frac{(2x+1)^2(x-1)}`{=tex} {x(x-1)(x+1)}\\>0. \\]\n\nCritical values come from zeros of numerator factors and denominator\nfactors:\n\n\\[\nx=-`\\frac12`{=tex},`\\quad `{=tex}x=1,`\\quad `{=tex}x=0,`\\quad `{=tex}x=-1.\n\\]\n\nDomain exclusions are:\n\n\\[ `\\boxed{x\\ne0,\\ 1,\\ -1}`{=tex}. \\]\n\nThe notes point out that, as long as\n\n\\[ x`\\ne1`{=tex}, \\]\n\nthe common factor (x-1) can be cancelled:\n\n\\[ `\\frac{(2x+1)^2}{x(x+1)}`{=tex}\\>0. \\]\n\nEven after cancellation, (x=1) remains excluded from the domain of the\n**original** expression.\n\n------------------------------------------------------------------------""}, {""record_type"": ""formula"", ""label"": ""formula-1"", ""content"": ""2x\\^2-x\\<3""}, {""record_type"": ""formula"", ""label"": ""formula-2"", ""content"": ""2x\\^2-x-3\\<0""}, {""record_type"": ""formula"", ""label"": ""formula-3"", ""content"": ""2x\\^2-3x+2x-3\\<0""}, {""record_type"": ""formula"", ""label"": ""formula-4"", ""content"": ""x(2x-3)+1(2x-3)\\<0""}, {""record_type"": ""formula"", ""label"": ""formula-5"", ""content"": ""`\\boxed{(x+1)(2x-3)<0}`{=tex}""}, {""record_type"": ""formula"", ""label"": ""formula-6"", ""content"": ""x=-1,`\\qquad `{=tex}x=`\\frac32`{=tex}.""}, {""record_type"": ""formula"", ""label"": ""formula-7"", ""content"": ""(x+1)(2x-3)""}, {""record_type"": ""formula"", ""label"": ""formula-8"", ""content"": ""x=-1,`\\qquad `{=tex}x=`\\frac32`{=tex}.""}, {""record_type"": ""formula"", ""label"": ""formula-9"", ""content"": ""(-`\\infty`{=tex},-1),`\\qquad`{=tex}\n`\\left`{=tex}(-1,`\\frac32`{=tex}`\\right`{=tex}),`\\qquad`{=tex}\n`\\left`{=tex}(`\\frac32`{=tex},`\\infty`{=tex}`\\right`{=tex}).""}, {""record_type"": ""formula"", ""label"": ""formula-10"", ""content"": ""(x+1)(2x-3)\\<0,""}, {""record_type"": ""formula"", ""label"": ""formula-11"", ""content"": ""`\\boxed{\\left(-1,\\frac32\\right)}`{=tex}""}, {""record_type"": ""formula"", ""label"": ""formula-12"", ""content"": ""2x\\^2-x`\\le3`{=tex},""}, {""record_type"": ""formula"", ""label"": ""formula-13"", ""content"": ""(x+1)(2x-3)`\\le0`{=tex}.""}, {""record_type"": ""formula"", ""label"": ""formula-14"", ""content"": ""`\\left`{=tex}(-1,`\\frac32`{=tex}`\\right`{=tex}) `\\cup`{=tex}{-1}\n`\\cup`{=tex}`\\left`{=tex}{`\\frac32`{=tex}`\\right`{=tex}} =\n`\\boxed{\\left[-1,\\frac32\\right]}`{=tex}.""}, {""record_type"": ""formula"", ""label"": ""formula-15"", ""content"": ""`\\frac{(2x+1)^2(x-1)}`{=tex} {x(x\\^2-1)}\\>0""}, {""record_type"": ""formula"", ""label"": ""formula-16"", ""content"": ""x\\^2-1=(x-1)(x+1).""}, {""record_type"": ""formula"", ""label"": ""formula-17"", ""content"": ""`\\frac{(2x+1)^2(x-1)}`{=tex} {x(x-1)(x+1)}\\>0.""}, {""record_type"": ""formula"", ""label"": ""formula-18"", ""content"": ""x=-`\\frac12`{=tex},`\\quad `{=tex}x=1,`\\quad `{=tex}x=0,`\\quad `{=tex}x=-1.""}, {""record_type"": ""formula"", ""label"": ""formula-19"", ""content"": ""`\\boxed{x\\ne0,\\ 1,\\ -1}`{=tex}.""}, {""record_type"": ""formula"", ""label"": ""formula-20"", ""content"": ""x`\\ne1`{=tex},""}, {""record_type"": ""formula"", ""label"": ""formula-21"", ""content"": ""`\\frac{(2x+1)^2}{x(x+1)}`{=tex}\\>0.""}, {""record_type"": ""formula"", ""label"": ""formula-22"", ""content"": ""(-`\\infty`{=tex},-1),`\\quad`{=tex}\n`\\left`{=tex}(-1,-`\\frac12`{=tex}`\\right`{=tex}),`\\quad`{=tex}\n`\\left`{=tex}(-`\\frac12`{=tex},0`\\right`{=tex}),`\\quad`{=tex}\n(0,1),`\\quad`{=tex} (1,`\\infty`{=tex}).""}, {""record_type"": ""formula"", ""label"": ""formula-23"", ""content"": ""`\\frac{(2x+1)^2}{x(x+1)}`{=tex}\\>0,""}, {""record_type"": ""formula"", ""label"": ""formula-24"", ""content"": ""(-`\\infty`{=tex},-1), `\\qquad`{=tex}\n`\\left`{=tex}(-`\\frac12`{=tex},0`\\right`{=tex}), `\\qquad`{=tex} (0,1),\n`\\qquad`{=tex} (1,`\\infty`{=tex}).""}, {""record_type"": ""formula"", ""label"": ""formula-25"", ""content"": ""`\\boxed{\n(-\\infty,-1)\n\\cup\n\\left(-\\frac12,0\\right)\n\\cup\n(0,1)\n\\cup\n(1,\\infty)\n}`{=tex}""}, {""record_type"": ""formula"", ""label"": ""formula-26"", ""content"": ""x=-`\\frac12`{=tex}""}, {""record_type"": ""formula"", ""label"": ""formula-27"", ""content"": ""`\\frac{(2x+1)^2(x-1)}`{=tex} {x(x\\^2-1)}`\\ge0`{=tex}.""}, {""record_type"": ""formula"", ""label"": ""formula-28"", ""content"": ""x=-`\\frac12`{=tex}.""}, {""record_type"": ""formula"", ""label"": ""formula-29"", ""content"": ""`\\boxed{\n(-\\infty,-1)\n\\cup\n\\left[-\\frac12,0\\right)\n\\cup\n(0,1)\n\\cup\n(1,\\infty)\n}`{=tex}""}, {""record_type"": ""formula"", ""label"": ""formula-30"", ""content"": ""-1,\u00a00,\u00a01""}, {""record_type"": ""topic"", ""label"": ""factoring"", ""content"": ""factoring""}, {""record_type"": ""topic"", ""label"": ""functions"", ""content"": ""functions""}, {""record_type"": ""topic"", ""label"": ""inequalities"", ""content"": ""inequalities""}, {""record_type"": ""topic"", ""label"": ""polynomials"", ""content"": ""polynomials""}, {""record_type"": ""topic"", ""label"": ""rational expressions"", ""content"": ""rational expressions""}]"
SRC-MD-DED23ACF1E16,sources/lectures/3.1(2).md,lecture,3.1,3.1 --- Rectangular Coordinate Systems,"[""coordinate plane"", ""lines""]",1,0,68,6356,ded23acf1e1608290111faf5590df3fc9451c2fcea2498cbb8b04323b6daabf5,complete,"[{""record_type"": ""question"", ""label"": ""3.1 --- Rectangular Coordinate Systems"", ""content"": ""> Human-readable Markdown conversion of the scanned lecture notes.\n> Content is preserved in source order, including the meaning of the\n> diagrams.""}, {""record_type"": ""example"", ""label"": ""Page 3 --- Distance Example"", ""content"": ""Points:\n\n\\[ A(-3,6) \\]\n\nand\n\n\\[ B(5,1). \\]\n\nThe diagram constructs a right triangle between the points.\n\nFind:\n\n\\[ d(A,B). \\]\n\nUsing the distance formula:\n\n\\[ d(A,B) = `\\sqrt{(5-(-3))^2+(1-6)^2}`{=tex} \\]""}, {""record_type"": ""formula"", ""label"": ""formula-1"", ""content"": ""(-2,1),`\\quad `{=tex}(0,2),`\\quad `{=tex}(1,2),`\\quad `{=tex}(1,0),`\\quad `{=tex}(2,-2),""}, {""record_type"": ""formula"", ""label"": ""formula-2"", ""content"": ""(1.5,0)=`\\left`{=tex}(`\\frac32`{=tex},0`\\right`{=tex}).""}, {""record_type"": ""formula"", ""label"": ""formula-3"", ""content"": ""`\\boxed{(0,0)}`{=tex}.""}, {""record_type"": ""formula"", ""label"": ""formula-4"", ""content"": ""`\\boxed{(0,2),\\ (1,0),\\ (1.5,0)}`{=tex}""}, {""record_type"": ""formula"", ""label"": ""formula-5"", ""content"": ""P(-2,-2)""}, {""record_type"": ""formula"", ""label"": ""formula-6"", ""content"": ""Q(-1,2).""}, {""record_type"": ""formula"", ""label"": ""formula-7"", ""content"": ""P_1(x_1,y_1)""}, {""record_type"": ""formula"", ""label"": ""formula-8"", ""content"": ""P_2(x_2,y_2)""}, {""record_type"": ""formula"", ""label"": ""formula-9"", ""content"": ""`\\boxed{\nd(P_1,P_2)\n=\n\\sqrt{(x_2-x_1)^2+(y_2-y_1)^2}\n}`{=tex}""}, {""record_type"": ""formula"", ""label"": ""formula-10"", ""content"": ""d(P_1,P_2) = `\\sqrt{(x_1-x_2)^2+(y_1-y_2)^2}`{=tex}.""}, {""record_type"": ""formula"", ""label"": ""formula-11"", ""content"": ""A(-3,6)""}, {""record_type"": ""formula"", ""label"": ""formula-12"", ""content"": ""B(5,1).""}, {""record_type"": ""formula"", ""label"": ""formula-13"", ""content"": ""d(A,B).""}, {""record_type"": ""formula"", ""label"": ""formula-14"", ""content"": ""d(A,B) = `\\sqrt{(5-(-3))^2+(1-6)^2}`{=tex}""}, {""record_type"": ""formula"", ""label"": ""formula-15"", ""content"": ""```{=tex}\n\\sqrt{8^2+(-5)^2}\n```""}, {""record_type"": ""formula"", ""label"": ""formula-16"", ""content"": ""```{=tex}\n\\sqrt{64+25}\n```""}, {""record_type"": ""formula"", ""label"": ""formula-17"", ""content"": ""`\\boxed{\\sqrt{89}}`{=tex}.""}, {""record_type"": ""formula"", ""label"": ""formula-18"", ""content"": ""`\\sqrt{((-3)-5)^2+(6-1)^2}`{=tex} = `\\sqrt{(-8)^2+5^2}`{=tex} =\n`\\sqrt{89}`{=tex}.""}, {""record_type"": ""formula"", ""label"": ""formula-19"", ""content"": ""A(-1,-3),`\\qquad`{=tex} B(6,1),`\\qquad`{=tex} C(2,-5).""}, {""record_type"": ""formula"", ""label"": ""formula-20"", ""content"": ""d(A,B) = `\\sqrt{(6-(-1))^2+(1-(-3))^2}`{=tex}""}, {""record_type"": ""formula"", ""label"": ""formula-21"", ""content"": ""```{=tex}\n\\boxed{\\sqrt{65}}\n```""}, {""record_type"": ""formula"", ""label"": ""formula-22"", ""content"": ""d(A,C) = `\\sqrt{(2-(-1))^2+(-5-(-3))^2}`{=tex}""}, {""record_type"": ""formula"", ""label"": ""formula-23"", ""content"": ""```{=tex}\n\\boxed{\\sqrt{13}}\n```""}, {""record_type"": ""formula"", ""label"": ""formula-24"", ""content"": ""d(B,C) = `\\sqrt{(6-2)^2+(1-(-5))^2}`{=tex}""}, {""record_type"": ""formula"", ""label"": ""formula-25"", ""content"": ""```{=tex}\n\\boxed{\\sqrt{52}}\n```""}, {""record_type"": ""formula"", ""label"": ""formula-26"", ""content"": ""13+52=65.""}, {""record_type"": ""formula"", ""label"": ""formula-27"", ""content"": ""(`\\sqrt{13}`{=tex})^2+(`\\sqrt{52}`{=tex})^2=(`\\sqrt{65}`{=tex})\\^2,""}, {""record_type"": ""formula"", ""label"": ""formula-28"", ""content"": ""A(1,7)""}, {""record_type"": ""formula"", ""label"": ""formula-29"", ""content"": ""B(-3,2).""}, {""record_type"": ""formula"", ""label"": ""formula-30"", ""content"": ""`\\left`{=tex}(-1,`\\frac92`{=tex}`\\right`{=tex})=(-1,4.5).""}, {""record_type"": ""formula"", ""label"": ""formula-31"", ""content"": ""P_1(x_1,y_1)""}, {""record_type"": ""formula"", ""label"": ""formula-32"", ""content"": ""P_2(x_2,y_2),""}, {""record_type"": ""formula"", ""label"": ""formula-33"", ""content"": ""`\\boxed{\n\\operatorname{MP}\n=\n\\left(\n\\frac{x_1+x_2}{2},\n\\frac{y_1+y_2}{2}\n\\right)\n}`{=tex}""}, {""record_type"": ""formula"", ""label"": ""formula-34"", ""content"": ""`\\operatorname{MP}`{=tex} = `\\left`{=tex}( `\\frac{1+(-3)}`{=tex}2,\n`\\frac{7+2}`{=tex}2 `\\right`{=tex})""}, {""record_type"": ""formula"", ""label"": ""formula-35"", ""content"": ""`\\boxed{\\left(-1,\\frac92\\right)}`{=tex}.""}, {""record_type"": ""formula"", ""label"": ""formula-36"", ""content"": ""A(1,7),`\\qquad`{=tex} B(-3,2),`\\qquad`{=tex}\nMP`\\left`{=tex}(-1,`\\frac92`{=tex}`\\right`{=tex}).""}, {""record_type"": ""formula"", ""label"": ""formula-37"", ""content"": ""d(A,MP) = `\\sqrt{\n(1-(-1))^2\n+\n\\left(7-\\frac92\\right)^2\n}`{=tex}""}, {""record_type"": ""formula"", ""label"": ""formula-38"", ""content"": ""```{=tex}\n\\sqrt{4+\\frac{25}{4}}\n```""}, {""record_type"": ""formula"", ""label"": ""formula-39"", ""content"": ""`\\boxed{\\frac{\\sqrt{41}}2}`{=tex}.""}, {""record_type"": ""formula"", ""label"": ""formula-40"", ""content"": ""d(B,MP) = `\\sqrt{\n(-1-(-3))^2\n+\n\\left(\\frac92-2\\right)^2\n}`{=tex}""}, {""record_type"": ""formula"", ""label"": ""formula-41"", ""content"": ""```{=tex}\n\\sqrt{4+\\frac{25}{4}}\n```""}, {""record_type"": ""formula"", ""label"": ""formula-42"", ""content"": ""`\\boxed{\\frac{\\sqrt{41}}2}`{=tex}.""}, {""record_type"": ""formula"", ""label"": ""formula-43"", ""content"": ""C`\\left`{=tex}(4,`\\frac12`{=tex}`\\right`{=tex})""}, {""record_type"": ""formula"", ""label"": ""formula-44"", ""content"": ""A(1,7)""}, {""record_type"": ""formula"", ""label"": ""formula-45"", ""content"": ""B(-3,2).""}, {""record_type"": ""formula"", ""label"": ""formula-46"", ""content"": ""d(A,C)=d(B,C).""}, {""record_type"": ""formula"", ""label"": ""formula-47"", ""content"": ""d(A,C) = `\\sqrt{\n(4-1)^2+\n\\left(7-\\frac12\\right)^2\n}`{=tex}""}, {""record_type"": ""formula"", ""label"": ""formula-48"", ""content"": ""```{=tex}\n\\sqrt{\n9+\\frac{169}{4}\n}\n```""}, {""record_type"": ""formula"", ""label"": ""formula-49"", ""content"": ""```{=tex}\n\\sqrt{\n\\frac{36}{4}+\\frac{169}{4}\n}\n```""}, {""record_type"": ""formula"", ""label"": ""formula-50"", ""content"": ""`\\boxed{\\frac{\\sqrt{205}}2}`{=tex}.""}, {""record_type"": ""formula"", ""label"": ""formula-51"", ""content"": ""d(B,C) = `\\sqrt{\n(4-(-3))^2+\n\\left(2-\\frac12\\right)^2\n}`{=tex}""}, {""record_type"": ""formula"", ""label"": ""formula-52"", ""content"": ""```{=tex}\n\\sqrt{\n7^2+\\left(\\frac32\\right)^2\n}\n```""}, {""record_type"": ""formula"", ""label"": ""formula-53"", ""content"": ""```{=tex}\n\\sqrt{\n49+\\frac94\n}\n```""}, {""record_type"": ""formula"", ""label"": ""formula-54"", ""content"": ""```{=tex}\n\\sqrt{\n\\frac{196}{4}+\\frac94\n}\n```""}, {""record_type"": ""formula"", ""label"": ""formula-55"", ""content"": ""`\\boxed{\\frac{\\sqrt{205}}2}`{=tex}.""}, {""record_type"": ""formula"", ""label"": ""formula-56"", ""content"": ""P(x,y)""}, {""record_type"": ""formula"", ""label"": ""formula-57"", ""content"": ""d(A,P)=d(B,P).""}, {""record_type"": ""formula"", ""label"": ""formula-58"", ""content"": ""`\\sqrt{(x-1)^2+(y-7)^2}`{=tex} = `\\sqrt{(x-(-3))^2+(y-2)^2}`{=tex}.""}, {""record_type"": ""formula"", ""label"": ""formula-59"", ""content"": ""(x-1)^2+(y-7)^2 = (x+3)^2+(y-2)^2.""}, {""record_type"": ""formula"", ""label"": ""formula-60"", ""content"": ""x^2-2x+1+y^2-14y+49 = x^2+6x+9+y^2-4y+4.""}, {""record_type"": ""formula"", ""label"": ""formula-61"", ""content"": ""-8x-10y+37=0.""}, {""record_type"": ""formula"", ""label"": ""formula-62"", ""content"": ""`\\boxed{-8x-10y=-37}`{=tex}.""}, {""record_type"": ""formula"", ""label"": ""formula-63"", ""content"": ""-8x-10y=-37,""}, {""record_type"": ""formula"", ""label"": ""formula-64"", ""content"": ""-10y=-37+8x""}, {""record_type"": ""formula"", ""label"": ""formula-65"", ""content"": ""y=-`\\frac8{10}`{=tex}x+`\\frac{37}{10}`{=tex}""}, {""record_type"": ""formula"", ""label"": ""formula-66"", ""content"": ""`\\boxed{\ny=-\\frac45x+\\frac{37}{10}\n}`{=tex}""}, {""record_type"": ""formula"", ""label"": ""formula-67"", ""content"": ""ax+by=c""}, {""record_type"": ""formula"", ""label"": ""formula-68"", ""content"": ""y=mx+c.""}, {""record_type"": ""topic"", ""label"": ""coordinate plane"", ""content"": ""coordinate plane""}, {""record_type"": ""topic"", ""label"": ""lines"", ""content"": ""lines""}]"
SRC-MD-0FB038F6C0AD,sources/lectures/3.2.md,lecture,3.2,3.2 --- Graphs of Equations,"[""completing the square"", ""equations""]",1,0,37,2946,0fb038f6c0ad1d8ddd5a723b48cfcc15978041dd462fcecef39baab99cb7b692,complete,"[{""record_type"": ""question"", ""label"": ""3.2 --- Graphs of Equations"", ""content"": """"}, {""record_type"": ""formula"", ""label"": ""formula-1"", ""content"": ""y=2x-1""}, {""record_type"": ""formula"", ""label"": ""formula-2"", ""content"": ""y=x\\^2-3.""}, {""record_type"": ""formula"", ""label"": ""formula-3"", ""content"": ""`\\boxed{(0,-3)}`{=tex}""}, {""record_type"": ""formula"", ""label"": ""formula-4"", ""content"": ""y=ax\\^2+bx+c,""}, {""record_type"": ""formula"", ""label"": ""formula-5"", ""content"": ""x\\^2-3=0""}, {""record_type"": ""formula"", ""label"": ""formula-6"", ""content"": ""x=`\\pm`{=tex}`\\sqrt3`{=tex}""}, {""record_type"": ""formula"", ""label"": ""formula-7"", ""content"": ""`\\boxed{(\\sqrt3,0),\\;(-\\sqrt3,0)}`{=tex}.""}, {""record_type"": ""formula"", ""label"": ""formula-8"", ""content"": ""`\\boxed{(0,-3)}`{=tex}.""}, {""record_type"": ""formula"", ""label"": ""formula-9"", ""content"": ""4y=x\\^3.""}, {""record_type"": ""formula"", ""label"": ""formula-10"", ""content"": ""4(-y)=(-x)^3`\\Rightarrow `{=tex}-4y=-x^3`\\Rightarrow`{=tex}4y=x\\^3.""}, {""record_type"": ""formula"", ""label"": ""formula-11"", ""content"": ""x=y\\^2,""}, {""record_type"": ""formula"", ""label"": ""formula-12"", ""content"": ""x=(-y)^2=y^2.""}, {""record_type"": ""formula"", ""label"": ""formula-13"", ""content"": ""y\\^2=x""}, {""record_type"": ""formula"", ""label"": ""formula-14"", ""content"": ""`\\boxed{(0,0)}`{=tex}""}, {""record_type"": ""formula"", ""label"": ""formula-15"", ""content"": ""`\\boxed{y=\\pm\\sqrt{x}}`{=tex}.""}, {""record_type"": ""formula"", ""label"": ""formula-16"", ""content"": ""4y=x\\^3""}, {""record_type"": ""formula"", ""label"": ""formula-17"", ""content"": ""y=`\\frac{x^3}{4}`{=tex}.""}, {""record_type"": ""formula"", ""label"": ""formula-18"", ""content"": ""C(h,k)""}, {""record_type"": ""formula"", ""label"": ""formula-19"", ""content"": ""P(x,y)""}, {""record_type"": ""formula"", ""label"": ""formula-20"", ""content"": ""d(P,C)=r.""}, {""record_type"": ""formula"", ""label"": ""formula-21"", ""content"": ""`\\sqrt{(x-h)^2+(y-k)^2}`{=tex}=r""}, {""record_type"": ""formula"", ""label"": ""formula-22"", ""content"": ""`\\boxed{(x-h)^2+(y-k)^2=r^2}`{=tex}.""}, {""record_type"": ""formula"", ""label"": ""formula-23"", ""content"": ""C(-2,3)""}, {""record_type"": ""formula"", ""label"": ""formula-24"", ""content"": ""D(4,5)""}, {""record_type"": ""formula"", ""label"": ""formula-25"", ""content"": ""r=`\\sqrt{(4-(-2))^2+(5-3)^2}`{=tex} =`\\sqrt{40}`{=tex}.""}, {""record_type"": ""formula"", ""label"": ""formula-26"", ""content"": ""`\\boxed{(x+2)^2+(y-3)^2=40}`{=tex}.""}, {""record_type"": ""formula"", ""label"": ""formula-27"", ""content"": ""3x^2+3y^2-12x+18y=9""}, {""record_type"": ""formula"", ""label"": ""formula-28"", ""content"": ""x^2+y^2-4x+6y=3.""}, {""record_type"": ""formula"", ""label"": ""formula-29"", ""content"": ""`\\boxed{(x-2)^2+(y+3)^2=16}`{=tex}.""}, {""record_type"": ""formula"", ""label"": ""formula-30"", ""content"": ""`\\boxed{(2,-3)}`{=tex}""}, {""record_type"": ""formula"", ""label"": ""formula-31"", ""content"": ""`\\boxed{4}`{=tex}""}, {""record_type"": ""formula"", ""label"": ""formula-32"", ""content"": ""x^2+y^2=9.""}, {""record_type"": ""formula"", ""label"": ""formula-33"", ""content"": ""y=`\\pm`{=tex}`\\sqrt{9-x^2}`{=tex}.""}, {""record_type"": ""formula"", ""label"": ""formula-34"", ""content"": ""`\\boxed{y=\\sqrt{9-x^2}}`{=tex}.""}, {""record_type"": ""formula"", ""label"": ""formula-35"", ""content"": ""x^2+y^2=9,""}, {""record_type"": ""formula"", ""label"": ""formula-36"", ""content"": ""x=`\\pm`{=tex}`\\sqrt{9-y^2}`{=tex}.""}, {""record_type"": ""formula"", ""label"": ""formula-37"", ""content"": ""`\\boxed{x=-\\sqrt{9-y^2}}`{=tex}.""}, {""record_type"": ""topic"", ""label"": ""completing the square"", ""content"": ""completing the square""}, {""record_type"": ""topic"", ""label"": ""equations"", ""content"": ""equations""}]"
SRC-MD-DFE95166CACB,sources/lectures/3.3.md,lecture,3.3,3.3 --- Lines,"[""equations"", ""lines""]",1,0,26,2099,dfe95166cacbcf7193aa38805e6a4844263318f8162bab619edccadad76d677e,complete,"[{""record_type"": ""question"", ""label"": ""3.3 --- Lines"", ""content"": """"}, {""record_type"": ""example"", ""label"": ""Page 2 --- Slope Examples"", ""content"": ""For (A(-1,4)), (B(3,2)): \\[\nm=`\\frac{2-4}{3-(-1)}`{=tex}=-`\\frac12`{=tex}. \\]\n\nFor (B(-2,-1)), (A(2,5)): \\[\nm=`\\frac{5-(-1)}{2-(-2)}`{=tex}=`\\frac32`{=tex}. \\]\n\nFor horizontal points (B(-2,3)), (A(4,3)): \\[ m=0. \\]\n\nFor the vertical line through (A(4,-1)), (B(4,4)), slope is undefined\nbecause the denominator is zero.""}, {""record_type"": ""formula"", ""label"": ""formula-1"", ""content"": ""P_1(x_1,y_1),`\\qquad `{=tex}P_2(x_2,y_2),""}, {""record_type"": ""formula"", ""label"": ""formula-2"", ""content"": ""`\\boxed{m=\\frac{y_2-y_1}{x_2-x_1}=\\frac{y_1-y_2}{x_1-x_2}}`{=tex}.""}, {""record_type"": ""formula"", ""label"": ""formula-3"", ""content"": ""`\\frac{y_1-y_2}{x_2-x_1}`{=tex}""}, {""record_type"": ""formula"", ""label"": ""formula-4"", ""content"": ""m=`\\frac{2-4}{3-(-1)}`{=tex}=-`\\frac12`{=tex}.""}, {""record_type"": ""formula"", ""label"": ""formula-5"", ""content"": ""m=`\\frac{5-(-1)}{2-(-2)}`{=tex}=`\\frac32`{=tex}.""}, {""record_type"": ""formula"", ""label"": ""formula-6"", ""content"": ""m=0.""}, {""record_type"": ""formula"", ""label"": ""formula-7"", ""content"": ""A(-3,4):""}, {""record_type"": ""formula"", ""label"": ""formula-8"", ""content"": ""`\\boxed{y=4}`{=tex}.""}, {""record_type"": ""formula"", ""label"": ""formula-9"", ""content"": ""`\\boxed{x=-3}`{=tex}.""}, {""record_type"": ""formula"", ""label"": ""formula-10"", ""content"": ""`\\boxed{y-y_1=m(x-x_1)}`{=tex}.""}, {""record_type"": ""formula"", ""label"": ""formula-11"", ""content"": ""A(1,7),`\\qquad `{=tex}B(-3,2).""}, {""record_type"": ""formula"", ""label"": ""formula-12"", ""content"": ""m=`\\frac{2-7}{-3-1}`{=tex}=`\\frac54`{=tex}.""}, {""record_type"": ""formula"", ""label"": ""formula-13"", ""content"": ""`\\boxed{y-7=\\frac54(x-1)}`{=tex}.""}, {""record_type"": ""formula"", ""label"": ""formula-14"", ""content"": ""`\\boxed{y-2=\\frac54(x+3)}`{=tex}.""}, {""record_type"": ""formula"", ""label"": ""formula-15"", ""content"": ""`\\boxed{m_1m_2=-1}`{=tex}.""}, {""record_type"": ""formula"", ""label"": ""formula-16"", ""content"": ""m_1=3,`\\qquad `{=tex}m_2=-`\\frac13`{=tex}""}, {""record_type"": ""formula"", ""label"": ""formula-17"", ""content"": ""3`\\left`{=tex}(-`\\frac13`{=tex}`\\right`{=tex})=-1.""}, {""record_type"": ""formula"", ""label"": ""formula-18"", ""content"": ""6x+3y=4""}, {""record_type"": ""formula"", ""label"": ""formula-19"", ""content"": ""P(5,-7).""}, {""record_type"": ""formula"", ""label"": ""formula-20"", ""content"": ""m=-2.""}, {""record_type"": ""formula"", ""label"": ""formula-21"", ""content"": ""`\\boxed{y+7=-2(x-5)}`{=tex}.""}, {""record_type"": ""formula"", ""label"": ""formula-22"", ""content"": ""m_1=-2.""}, {""record_type"": ""formula"", ""label"": ""formula-23"", ""content"": ""m_1m_2=-1""}, {""record_type"": ""formula"", ""label"": ""formula-24"", ""content"": ""-2m_2=-1""}, {""record_type"": ""formula"", ""label"": ""formula-25"", ""content"": ""m_2=`\\frac12`{=tex}.""}, {""record_type"": ""formula"", ""label"": ""formula-26"", ""content"": ""`\\boxed{y+7=\\frac12(x-5)}`{=tex}.""}, {""record_type"": ""topic"", ""label"": ""equations"", ""content"": ""equations""}, {""record_type"": ""topic"", ""label"": ""lines"", ""content"": ""lines""}]"
SRC-MD-0B24D5B001C2,sources/lectures/3.4.md,lecture,3.4,3.4 --- Functions,"[""difference quotient"", ""factoring"", ""functions"", ""lines""]",1,0,32,2912,0b24d5b001c2312e3ffb249d1ee163fedb0892c9637008f6fea1b159381a5815,complete,"[{""record_type"": ""question"", ""label"": ""3.4 --- Functions"", ""content"": """"}, {""record_type"": ""example"", ""label"": ""Page 10 --- Difference Quotient Example"", ""content"": ""Given \\[ f(x)=x\\^2+6x-4, \\] find \\[ `\\frac{f(x+h)-f(x)}{h}`{=tex}. \\]\n\nSubstitute: \\[ `\\frac{(x+h)^2+6(x+h)-4-(x^2+6x-4)}{h}`{=tex}. \\]\n\nExpand and cancel: \\[ `\\frac{2xh+h^2+6h}{h}`{=tex}. \\]\n\nFactor: \\[ `\\frac{h(2x+h+6)}{h}`{=tex}. \\]\n\nTherefore: \\[ `\\boxed{2x+h+6}`{=tex}. \\]""}, {""record_type"": ""formula"", ""label"": ""formula-1"", ""content"": ""`\\boxed{f:D\\to E}`{=tex}.""}, {""record_type"": ""formula"", ""label"": ""formula-2"", ""content"": ""f(x)=x\\^2,""}, {""record_type"": ""formula"", ""label"": ""formula-3"", ""content"": ""`\\boxed{(-\\infty,\\infty)}`{=tex}""}, {""record_type"": ""formula"", ""label"": ""formula-4"", ""content"": ""`\\boxed{[0,\\infty)}`{=tex}.""}, {""record_type"": ""formula"", ""label"": ""formula-5"", ""content"": ""`\\frac{\\sqrt{4+x}}{1-x}`{=tex},""}, {""record_type"": ""formula"", ""label"": ""formula-6"", ""content"": ""x`\\ge-4`{=tex}""}, {""record_type"": ""formula"", ""label"": ""formula-7"", ""content"": ""x`\\ne1`{=tex}.""}, {""record_type"": ""formula"", ""label"": ""formula-8"", ""content"": ""`\\boxed{[-4,1)\\cup(1,\\infty)}`{=tex}.""}, {""record_type"": ""formula"", ""label"": ""formula-9"", ""content"": ""`\\boxed{\\text{domain}=[-6,3]}`{=tex}""}, {""record_type"": ""formula"", ""label"": ""formula-10"", ""content"": ""`\\boxed{\\text{range}=[-3,2]}`{=tex}.""}, {""record_type"": ""formula"", ""label"": ""formula-11"", ""content"": ""`\\boxed{\\text{domain}=[-6,3)}`{=tex}""}, {""record_type"": ""formula"", ""label"": ""formula-12"", ""content"": ""`\\boxed{\\text{range}=[-3,2)}`{=tex}.""}, {""record_type"": ""formula"", ""label"": ""formula-13"", ""content"": ""`\\boxed{\\text{domain}=[-6,6)}`{=tex}""}, {""record_type"": ""formula"", ""label"": ""formula-14"", ""content"": ""\\[-3,2)`\\cup`{=tex}(1,3""}, {""record_type"": ""formula"", ""label"": ""formula-15"", ""content"": ""`\\boxed{\\text{domain}=[-6,0]\\cup[3,6)}`{=tex}.""}, {""record_type"": ""formula"", ""label"": ""formula-16"", ""content"": ""(0,3).""}, {""record_type"": ""formula"", ""label"": ""formula-17"", ""content"": ""\\[-3,1""}, {""record_type"": ""formula"", ""label"": ""formula-18"", ""content"": ""`\\boxed{f(x_1)<f(x_2)\\text{ whenever }x_1<x_2}`{=tex}.""}, {""record_type"": ""formula"", ""label"": ""formula-19"", ""content"": ""`\\boxed{f(x_1)>f(x_2)\\text{ whenever }x_1<x_2}`{=tex}.""}, {""record_type"": ""formula"", ""label"": ""formula-20"", ""content"": ""`\\boxed{f(x_1)=f(x_2)}`{=tex}.""}, {""record_type"": ""formula"", ""label"": ""formula-21"", ""content"": ""`\\boxed{[-3,3)}`{=tex}.""}, {""record_type"": ""formula"", ""label"": ""formula-22"", ""content"": ""`\\boxed{[-3,-2]\\cup[1,3)}`{=tex}.""}, {""record_type"": ""formula"", ""label"": ""formula-23"", ""content"": ""`\\boxed{[-2,-1]}`{=tex}.""}, {""record_type"": ""formula"", ""label"": ""formula-24"", ""content"": ""`\\boxed{[-1,1)}`{=tex}.""}, {""record_type"": ""formula"", ""label"": ""formula-25"", ""content"": ""`\\frac{f(x+h)-f(x)}{(x+h)-x}`{=tex}.""}, {""record_type"": ""formula"", ""label"": ""formula-26"", ""content"": ""`\\boxed{\\frac{f(x+h)-f(x)}{h}}`{=tex}.""}, {""record_type"": ""formula"", ""label"": ""formula-27"", ""content"": ""f(x)=x\\^2+6x-4,""}, {""record_type"": ""formula"", ""label"": ""formula-28"", ""content"": ""`\\frac{f(x+h)-f(x)}{h}`{=tex}.""}, {""record_type"": ""formula"", ""label"": ""formula-29"", ""content"": ""`\\frac{(x+h)^2+6(x+h)-4-(x^2+6x-4)}{h}`{=tex}.""}, {""record_type"": ""formula"", ""label"": ""formula-30"", ""content"": ""`\\frac{2xh+h^2+6h}{h}`{=tex}.""}, {""record_type"": ""formula"", ""label"": ""formula-31"", ""content"": ""`\\frac{h(2x+h+6)}{h}`{=tex}.""}, {""record_type"": ""formula"", ""label"": ""formula-32"", ""content"": ""`\\boxed{2x+h+6}`{=tex}.""}, {""record_type"": ""topic"", ""label"": ""difference quotient"", ""content"": ""difference quotient""}, {""record_type"": ""topic"", ""label"": ""factoring"", ""content"": ""factoring""}, {""record_type"": ""topic"", ""label"": ""functions"", ""content"": ""functions""}, {""record_type"": ""topic"", ""label"": ""lines"", ""content"": ""lines""}]"
SRC-MD-885D1F011A7B,sources/lectures/3.7.md,lecture,3.7,3.7 - Operations on Functions and Composite Functions,"[""function composition"", ""functions""]",1,0,26,2437,885d1f011a7b364e5168f72618315e7ee8923ac05fd65dffc2bcdfeeaffb713a,complete,"[{""record_type"": ""question"", ""label"": ""3.7 - Operations on Functions and Composite Functions"", ""content"": ""> Source-faithful transcription. Mathematical expressions are written in\n> readable display notation.""}, {""record_type"": ""example"", ""label"": ""Example"", ""content"": ""\\[ f(x)=`\\sqrt{x+1}`{=tex},`\\qquad `{=tex}g(x)=`\\frac{1}{2x}`{=tex}. \\]\n\n\\[ (f+g)(x)=`\\sqrt{x+1}`{=tex}+`\\frac1{2x}`{=tex}\n=`\\frac{2x\\sqrt{x+1}+1}{2x}`{=tex}. \\]\n\n\\[ (f-g)(x)=`\\sqrt{x+1}`{=tex}-`\\frac1{2x}`{=tex}\n=`\\frac{2x\\sqrt{x+1}-1}{2x}`{=tex}. \\]\n\n\\[ (fg)(x)=`\\sqrt{x+1}`{=tex}`\\frac1{2x}`{=tex}\n=`\\frac{\\sqrt{x+1}}{2x}`{=tex}. \\]\n\nBecause (x+1`\\ge0`{=tex}) and (x`\\ne0`{=tex}),\n\n\\[ `\\boxed{[-1,0)\\cup(0,\\infty)}`{=tex}. \\]""}, {""record_type"": ""example"", ""label"": ""Example"", ""content"": ""\\[ f(x)=x\\^2-1,`\\qquad `{=tex}g(x)=3x+5. \\]\n\n\\[ (f`\\circ `{=tex}g)(x)=f(3x+5) =(3x+5)\\^2-1 \\]\n\n\\[ =9x\\^2+30x+25-1 \\]\n\n\\[ `\\boxed{(f\\circ g)(x)=9x^2+30x+24}`{=tex}. \\]\n\nFor composition,\n\n\\[\n`\\operatorname{dom}`{=tex}(f`\\circ `{=tex}g)`\\subseteq`{=tex}`\\operatorname{dom}`{=tex}(g).\n\\]\n\nExample:\n\n\\[ f(x)=x\\^2-16,`\\qquad `{=tex}g(x)=`\\sqrt{x}`{=tex}. \\]\n\n\\[ (f`\\circ `{=tex}g)(x)=f(`\\sqrt{x}`{=tex}) =(`\\sqrt{x}`{=tex})\\^2-16\n=x-16. \\]\n\nBut (`\\sqrt{x}`{=tex}) requires (x`\\ge0`{=tex}), therefore\n\n\\[ `\\boxed{\\operatorname{dom}(f\\circ g)=[0,\\infty)}`{=tex}. \\]""}, {""record_type"": ""formula"", ""label"": ""formula-1"", ""content"": ""(f+g)(x)=f(x)+g(x)""}, {""record_type"": ""formula"", ""label"": ""formula-2"", ""content"": ""(f-g)(x)=f(x)-g(x)""}, {""record_type"": ""formula"", ""label"": ""formula-3"", ""content"": ""(fg)(x)=f(x)g(x)""}, {""record_type"": ""formula"", ""label"": ""formula-4"", ""content"": ""`\\left`{=tex}(`\\frac{f}{g}`{=tex}`\\right`{=tex})(x)=`\\frac{f(x)}{g(x)}`{=tex}""}, {""record_type"": ""formula"", ""label"": ""formula-5"", ""content"": ""`\\operatorname{dom}`{=tex}(f)`\\cap`{=tex}`\\operatorname{dom}`{=tex}(g).""}, {""record_type"": ""formula"", ""label"": ""formula-6"", ""content"": ""f(x)=`\\sqrt{x+1}`{=tex},`\\qquad `{=tex}g(x)=`\\frac{1}{2x}`{=tex}.""}, {""record_type"": ""formula"", ""label"": ""formula-7"", ""content"": ""(f+g)(x)=`\\sqrt{x+1}`{=tex}+`\\frac1{2x}`{=tex}\n=`\\frac{2x\\sqrt{x+1}+1}{2x}`{=tex}.""}, {""record_type"": ""formula"", ""label"": ""formula-8"", ""content"": ""(f-g)(x)=`\\sqrt{x+1}`{=tex}-`\\frac1{2x}`{=tex}\n=`\\frac{2x\\sqrt{x+1}-1}{2x}`{=tex}.""}, {""record_type"": ""formula"", ""label"": ""formula-9"", ""content"": ""(fg)(x)=`\\sqrt{x+1}`{=tex}`\\frac1{2x}`{=tex}\n=`\\frac{\\sqrt{x+1}}{2x}`{=tex}.""}, {""record_type"": ""formula"", ""label"": ""formula-10"", ""content"": ""`\\boxed{[-1,0)\\cup(0,\\infty)}`{=tex}.""}, {""record_type"": ""formula"", ""label"": ""formula-11"", ""content"": ""`\\left`{=tex}(`\\frac `{=tex}fg`\\right`{=tex})(x)\n=`\\sqrt{x+1}`{=tex}`\\div`{=tex}`\\frac1{2x}`{=tex} =2x`\\sqrt{x+1}`{=tex}.""}, {""record_type"": ""formula"", ""label"": ""formula-12"", ""content"": ""`\\boxed{\\operatorname{dom}(f/g)=[-1,0)\\cup(0,\\infty)}`{=tex}.""}, {""record_type"": ""formula"", ""label"": ""formula-13"", ""content"": ""`\\boxed{\\operatorname{dom}(f/g)\n=\\operatorname{dom}(f)\\cap\\operatorname{dom}(g)\\cap\\{x:g(x)\\ne0\\}}`{=tex}.""}, {""record_type"": ""formula"", ""label"": ""formula-14"", ""content"": ""f(x)=`\\sqrt{x+1}`{=tex},`\\qquad `{=tex}g(x)=x\\^2.""}, {""record_type"": ""formula"", ""label"": ""formula-15"", ""content"": ""`\\left`{=tex}(`\\frac `{=tex}fg`\\right`{=tex})(x)=`\\frac{\\sqrt{x+1}}{x^2}`{=tex}""}, {""record_type"": ""formula"", ""label"": ""formula-16"", ""content"": ""`\\boxed{\\operatorname{dom}(f/g)=[-1,0)\\cup(0,\\infty)}`{=tex}.""}, {""record_type"": ""formula"", ""label"": ""formula-17"", ""content"": ""`\\boxed{(f\\circ g)(x)=f(g(x))}`{=tex}.""}, {""record_type"": ""formula"", ""label"": ""formula-18"", ""content"": ""x`\\longrightarrow `{=tex}g(x)`\\longrightarrow `{=tex}f(g(x)).""}, {""record_type"": ""formula"", ""label"": ""formula-19"", ""content"": ""f(x)=x\\^2-1,`\\qquad `{=tex}g(x)=3x+5.""}, {""record_type"": ""formula"", ""label"": ""formula-20"", ""content"": ""(f`\\circ `{=tex}g)(x)=f(3x+5) =(3x+5)\\^2-1""}, {""record_type"": ""formula"", ""label"": ""formula-21"", ""content"": ""=9x\\^2+30x+25-1""}, {""record_type"": ""formula"", ""label"": ""formula-22"", ""content"": ""`\\boxed{(f\\circ g)(x)=9x^2+30x+24}`{=tex}.""}, {""record_type"": ""formula"", ""label"": ""formula-23"", ""content"": ""`\\operatorname{dom}`{=tex}(f`\\circ `{=tex}g)`\\subseteq`{=tex}`\\operatorname{dom}`{=tex}(g).""}, {""record_type"": ""formula"", ""label"": ""formula-24"", ""content"": ""f(x)=x\\^2-16,`\\qquad `{=tex}g(x)=`\\sqrt{x}`{=tex}.""}, {""record_type"": ""formula"", ""label"": ""formula-25"", ""content"": ""(f`\\circ `{=tex}g)(x)=f(`\\sqrt{x}`{=tex}) =(`\\sqrt{x}`{=tex})\\^2-16\n=x-16.""}, {""record_type"": ""formula"", ""label"": ""formula-26"", ""content"": ""`\\boxed{\\operatorname{dom}(f\\circ g)=[0,\\infty)}`{=tex}.""}, {""record_type"": ""topic"", ""label"": ""function composition"", ""content"": ""function composition""}, {""record_type"": ""topic"", ""label"": ""functions"", ""content"": ""functions""}]"
SRC-MD-7E1F1D2888A8,sources/lectures/4.1.md,lecture,4.1,4.1 --- Properties of Division,"[""factoring"", ""polynomials""]",1,0,35,3002,7e1f1d2888a8781681450f5e90b2875c03dfabd9471cf744e35aa051c136687c,complete,"[{""record_type"": ""question"", ""label"": ""4.1 --- Properties of Division"", ""content"": """"}, {""record_type"": ""example"", ""label"": ""Polynomial Long Division Example"", ""content"": ""Find the quotient and remainder when\n\n\\[ x\\^4-16 \\]\n\nis divided by\n\n\\[ x\\^2-3x+8. \\]\n\nThe notes obtain\n\n\\[ `\\boxed{x^4-16=(x^2-3x+8)(x^2+3x+1)+(-21x-24)}`{=tex}. \\]\n\nSo the quotient is\n\n\\[ `\\boxed{x^2+3x+1}`{=tex} \\]\n\nand the remainder is\n\n\\[ `\\boxed{-21x-24}`{=tex}. \\]""}, {""record_type"": ""example"", ""label"": ""Exact Division Example"", ""content"": ""Find the quotient and remainder when\n\n\\[ x^3-x^2+x-1 \\]\n\nis divided by\n\n\\[ x\\^2+1. \\]\n\nThe notes give\n\n\\[ `\\boxed{x^3-x^2+x-1=(x^2+1)(x-1)+0}`{=tex}. \\]""}, {""record_type"": ""example"", ""label"": ""Linear Divisor Example"", ""content"": ""Find the quotient and remainder when\n\n\\[ 2x\\^2-x-6 \\]\n\nis divided by\n\n\\[ x-2. \\]\n\nThe notes obtain\n\n\\[ `\\boxed{2x^2-x-6=(x-2)(2x+3)}`{=tex}. \\]""}, {""record_type"": ""example"", ""label"": ""Remainder Example"", ""content"": ""Find the remainder when\n\n\\[ f(x)=2x^3-x^2+5x+1 \\]\n\nis divided by (x-3).\n\nUse\n\n\\[ f(3)=2(3)^3-(3)^2+5(3)+1. \\]\n\nThe notes obtain\n\n\\[ `\\boxed{f(3)=61}`{=tex}. \\]\n\nSo the remainder is (61).""}, {""record_type"": ""formula"", ""label"": ""formula-1"", ""content"": ""f(x)=p(x)q(x)+r(x),""}, {""record_type"": ""formula"", ""label"": ""formula-2"", ""content"": ""`\\deg`{=tex}(r)\\<`\\deg`{=tex}(p).""}, {""record_type"": ""formula"", ""label"": ""formula-3"", ""content"": ""3812=6(635)+2.""}, {""record_type"": ""formula"", ""label"": ""formula-4"", ""content"": ""x\\^4-16""}, {""record_type"": ""formula"", ""label"": ""formula-5"", ""content"": ""x\\^2-3x+8.""}, {""record_type"": ""formula"", ""label"": ""formula-6"", ""content"": ""`\\boxed{x^4-16=(x^2-3x+8)(x^2+3x+1)+(-21x-24)}`{=tex}.""}, {""record_type"": ""formula"", ""label"": ""formula-7"", ""content"": ""`\\boxed{x^2+3x+1}`{=tex}""}, {""record_type"": ""formula"", ""label"": ""formula-8"", ""content"": ""`\\boxed{-21x-24}`{=tex}.""}, {""record_type"": ""formula"", ""label"": ""formula-9"", ""content"": ""6=3812(0)+6.""}, {""record_type"": ""formula"", ""label"": ""formula-10"", ""content"": ""x^2-3x+8=(x^4-16)(0)+(x\\^2-3x+8).""}, {""record_type"": ""formula"", ""label"": ""formula-11"", ""content"": ""x^3-x^2+x-1""}, {""record_type"": ""formula"", ""label"": ""formula-12"", ""content"": ""x\\^2+1.""}, {""record_type"": ""formula"", ""label"": ""formula-13"", ""content"": ""`\\boxed{x^3-x^2+x-1=(x^2+1)(x-1)+0}`{=tex}.""}, {""record_type"": ""formula"", ""label"": ""formula-14"", ""content"": ""2x\\^2-x-6""}, {""record_type"": ""formula"", ""label"": ""formula-15"", ""content"": ""x-2.""}, {""record_type"": ""formula"", ""label"": ""formula-16"", ""content"": ""`\\boxed{2x^2-x-6=(x-2)(2x+3)}`{=tex}.""}, {""record_type"": ""formula"", ""label"": ""formula-17"", ""content"": ""f(x)=(x-c)q(x)+r(x).""}, {""record_type"": ""formula"", ""label"": ""formula-18"", ""content"": ""f(x)=(x-c)q(x)+r_0.""}, {""record_type"": ""formula"", ""label"": ""formula-19"", ""content"": ""f(c)=(c-c)q(c)+r_0,""}, {""record_type"": ""formula"", ""label"": ""formula-20"", ""content"": ""`\\boxed{f(c)=r_0}`{=tex}.""}, {""record_type"": ""formula"", ""label"": ""formula-21"", ""content"": ""`\\boxed{f(x)=(x-c)q(x)+f(c)}`{=tex}.""}, {""record_type"": ""formula"", ""label"": ""formula-22"", ""content"": ""f(x)=2x^3-x^2+5x+1""}, {""record_type"": ""formula"", ""label"": ""formula-23"", ""content"": ""f(3)=2(3)^3-(3)^2+5(3)+1.""}, {""record_type"": ""formula"", ""label"": ""formula-24"", ""content"": ""`\\boxed{f(3)=61}`{=tex}.""}, {""record_type"": ""formula"", ""label"": ""formula-25"", ""content"": ""2x\\^2+7x-4""}, {""record_type"": ""formula"", ""label"": ""formula-26"", ""content"": ""f(-4)=2(-4)\\^2+7(-4)-4=0.""}, {""record_type"": ""formula"", ""label"": ""formula-27"", ""content"": ""2,,-1,,3.""}, {""record_type"": ""formula"", ""label"": ""formula-28"", ""content"": ""f(x)=A(x-2)(x+1)(x-3).""}, {""record_type"": ""formula"", ""label"": ""formula-29"", ""content"": ""`\\boxed{f(x)=(x-2)(x+1)(x-3)}`{=tex}.""}, {""record_type"": ""formula"", ""label"": ""formula-30"", ""content"": ""`\\boxed{f(x)=x^3-4x^2+x+6}`{=tex}.""}, {""record_type"": ""formula"", ""label"": ""formula-31"", ""content"": ""f(3)=12.""}, {""record_type"": ""formula"", ""label"": ""formula-32"", ""content"": ""f(x)=A(x+1)(x-2).""}, {""record_type"": ""formula"", ""label"": ""formula-33"", ""content"": ""12=A(3+1)(3-2)=4A.""}, {""record_type"": ""formula"", ""label"": ""formula-34"", ""content"": ""A=3,""}, {""record_type"": ""formula"", ""label"": ""formula-35"", ""content"": ""`\\boxed{f(x)=3(x+1)(x-2)}`{=tex}.""}, {""record_type"": ""topic"", ""label"": ""factoring"", ""content"": ""factoring""}, {""record_type"": ""topic"", ""label"": ""polynomials"", ""content"": ""polynomials""}]"
SRC-MD-8EE23887E093,sources/lectures/4.2.md,lecture,4.2,4.2 --- Polynomials of Degree Greater Than 2,"[""factoring"", ""functions"", ""polynomials""]",1,0,28,3806,8ee23887e093763be6a9b1cb118d85df25548c2ea56ea0efca1f9a5c0900c89f,complete,"[{""record_type"": ""question"", ""label"": ""4.2 --- Polynomials of Degree Greater Than 2"", ""content"": """"}, {""record_type"": ""example"", ""label"": ""Example --- Showing a Root Exists"", ""content"": ""Show that\n\n\\[ f(x)=x^5+2x^4-6x\\^3+2x-3 \\]\n\nhas a root between (x=1) and (x=2).\n\nAt (x=1),\n\n\\[ f(1)=1^5+2(1)^4-6(1)\\^3+2(1)-3 \\]\n\nand the notes obtain\n\n\\[ `\\boxed{f(1)=-4}`{=tex}. \\]\n\nAt (x=2),\n\n\\[ f(2)=2^5+2(2)^4-6(2)\\^3+2(2)-3 \\]\n\nand the notes obtain\n\n\\[ `\\boxed{f(2)=17}`{=tex}. \\]\n\nBecause (f(x)) is negative at (x=1) and positive at (x=2), the\nIntermediate Value Theorem guarantees a root between (1) and (2):\n\n\\[ `\\boxed{\\text{a root exists in }(1,2)}`{=tex}. \\]\n\nThe notes also illustrate the more general IVT idea with a version of\nthe polynomial for which\n\n\\[ f(1)=-1,`\\qquad `{=tex}f(2)=20. \\]\n\nSince (3) lies between (-1) and (20), there exists some\n(x`\\in`{=tex}(1,2)) such that\n\n\\[ f(x)=3. \\]""}, {""record_type"": ""example"", ""label"": ""Example 1"", ""content"": ""Let\n\n\\[ f(x)=x^3+x^2-4x-4. \\]\n\nFind the intervals on which (f(x)) is positive and negative,\nrespectively. Then graph\n\n\\[ y=f(x). \\]\n\nFactor:\n\n\\[ x^3+x^2-4x-4 = `\\boxed{(x-2)(x+2)(x+1)}`{=tex}. \\]\n\nRoots:\n\n\\[ `\\boxed{x=-2,-1,2}`{=tex}. \\]\n\nThese roots divide the number line into\n\n\\[\n(-`\\infty`{=tex},-2),`\\quad`{=tex}(-2,-1),`\\quad`{=tex}(-1,2),`\\quad`{=tex}(2,`\\infty`{=tex}).\n\\]""}, {""record_type"": ""example"", ""label"": ""Example 2"", ""content"": ""Let\n\n\\[ f(x)=x^4-4x^3+3x\\^2. \\]\n\nFind the intervals on which (f(x)) is positive and negative,\nrespectively. Then graph\n\n\\[ y=f(x). \\]\n\nFactor:\n\n\\[ x^4-4x^3+3x\\^2 = `\\boxed{x^2(x-1)(x-3)}`{=tex}. \\]\n\nRoots:\n\n\\[ `\\boxed{x=0,1,3}`{=tex}. \\]\n\nThe root (x=0) comes from the factor (x\\^2), so it has even\nmultiplicity.\n\nIntervals:\n\n\\[\n(-`\\infty`{=tex},0),`\\quad`{=tex}(0,1),`\\quad`{=tex}(1,3),`\\quad`{=tex}(3,`\\infty`{=tex}).\n\\]""}, {""record_type"": ""formula"", ""label"": ""formula-1"", ""content"": ""f(a)`\\ne `{=tex}f(b)""}, {""record_type"": ""formula"", ""label"": ""formula-2"", ""content"": ""a,b""}, {""record_type"": ""formula"", ""label"": ""formula-3"", ""content"": ""(a,b).""}, {""record_type"": ""formula"", ""label"": ""formula-4"", ""content"": ""f(x)=x^5+2x^4-6x\\^3+2x-3""}, {""record_type"": ""formula"", ""label"": ""formula-5"", ""content"": ""f(1)=1^5+2(1)^4-6(1)\\^3+2(1)-3""}, {""record_type"": ""formula"", ""label"": ""formula-6"", ""content"": ""`\\boxed{f(1)=-4}`{=tex}.""}, {""record_type"": ""formula"", ""label"": ""formula-7"", ""content"": ""f(2)=2^5+2(2)^4-6(2)\\^3+2(2)-3""}, {""record_type"": ""formula"", ""label"": ""formula-8"", ""content"": ""`\\boxed{f(2)=17}`{=tex}.""}, {""record_type"": ""formula"", ""label"": ""formula-9"", ""content"": ""`\\boxed{\\text{a root exists in }(1,2)}`{=tex}.""}, {""record_type"": ""formula"", ""label"": ""formula-10"", ""content"": ""f(1)=-1,`\\qquad `{=tex}f(2)=20.""}, {""record_type"": ""formula"", ""label"": ""formula-11"", ""content"": ""f(x)=3.""}, {""record_type"": ""formula"", ""label"": ""formula-12"", ""content"": ""f(x)=x^3+x^2-4x-4.""}, {""record_type"": ""formula"", ""label"": ""formula-13"", ""content"": ""y=f(x).""}, {""record_type"": ""formula"", ""label"": ""formula-14"", ""content"": ""x^3+x^2-4x-4 = `\\boxed{(x-2)(x+2)(x+1)}`{=tex}.""}, {""record_type"": ""formula"", ""label"": ""formula-15"", ""content"": ""`\\boxed{x=-2,-1,2}`{=tex}.""}, {""record_type"": ""formula"", ""label"": ""formula-16"", ""content"": ""(-`\\infty`{=tex},-2),`\\quad`{=tex}(-2,-1),`\\quad`{=tex}(-1,2),`\\quad`{=tex}(2,`\\infty`{=tex}).""}, {""record_type"": ""formula"", ""label"": ""formula-17"", ""content"": ""f(x)\\>0`\\text{ on }`{=tex}(-2,-1)`\\cup`{=tex}(2,`\\infty`{=tex}),""}, {""record_type"": ""formula"", ""label"": ""formula-18"", ""content"": ""f(x)\\<0`\\text{ on }`{=tex}(-`\\infty`{=tex},-2)`\\cup`{=tex}(-1,2).""}, {""record_type"": ""formula"", ""label"": ""formula-19"", ""content"": ""-2,,-1,,2,""}, {""record_type"": ""formula"", ""label"": ""formula-20"", ""content"": ""y=x^3+x^2-4x-4,""}, {""record_type"": ""formula"", ""label"": ""formula-21"", ""content"": ""f(x)=x^4-4x^3+3x\\^2.""}, {""record_type"": ""formula"", ""label"": ""formula-22"", ""content"": ""y=f(x).""}, {""record_type"": ""formula"", ""label"": ""formula-23"", ""content"": ""x^4-4x^3+3x\\^2 = `\\boxed{x^2(x-1)(x-3)}`{=tex}.""}, {""record_type"": ""formula"", ""label"": ""formula-24"", ""content"": ""`\\boxed{x=0,1,3}`{=tex}.""}, {""record_type"": ""formula"", ""label"": ""formula-25"", ""content"": ""(-`\\infty`{=tex},0),`\\quad`{=tex}(0,1),`\\quad`{=tex}(1,3),`\\quad`{=tex}(3,`\\infty`{=tex}).""}, {""record_type"": ""formula"", ""label"": ""formula-26"", ""content"": ""f(x)\\>0`\\text{ on }`{=tex}(-`\\infty`{=tex},0)`\\cup`{=tex}(0,1)`\\cup`{=tex}(3,`\\infty`{=tex})""}, {""record_type"": ""formula"", ""label"": ""formula-27"", ""content"": ""f(x)\\<0`\\text{ on }`{=tex}(1,3).""}, {""record_type"": ""formula"", ""label"": ""formula-28"", ""content"": ""y=x^4-4x^3+3x\\^2,""}, {""record_type"": ""topic"", ""label"": ""factoring"", ""content"": ""factoring""}, {""record_type"": ""topic"", ""label"": ""functions"", ""content"": ""functions""}, {""record_type"": ""topic"", ""label"": ""polynomials"", ""content"": ""polynomials""}]"
SRC-MD-1583435B8F14,sources/lectures/5.1.md,lecture,5.1,5.1 - Inverse Functions,"[""functions"", ""inverse functions""]",1,0,34,2331,1583435b8f14d434166e4c86908fe4e93ea65548fdf5922426640fe6d8a789d4,complete,"[{""record_type"": ""question"", ""label"": ""5.1 - Inverse Functions"", ""content"": """"}, {""record_type"": ""example"", ""label"": ""Example"", ""content"": ""\\[ f(x)=3x+2. \\]\n\nAssume\n\n\\[ f(x_1)=f(x_2). \\]\n\nThen\n\n\\[ 3x_1+2=3x_2+2 \\]\n\n\\[ 3x_1=3x_2 \\]\n\n\\[ `\\boxed{x_1=x_2}`{=tex}. \\]\n\nSo (f) is one-to-one.\n\nFor\n\n\\[ g(x)=x\\^2-3, \\]\n\n\\[ g(1)=1\\^2-3=-2 \\]\n\nand\n\n\\[ g(-1)=(-1)\\^2-3=-2. \\]\n\nDifferent inputs give the same output, so\n\n\\[ `\\boxed{g\\text{ is not one-to-one}}`{=tex}. \\]""}, {""record_type"": ""formula"", ""label"": ""formula-1"", ""content"": ""f:D`\\to `{=tex}R""}, {""record_type"": ""formula"", ""label"": ""formula-2"", ""content"": ""`\\boxed{f(x_1)=f(x_2)\\Rightarrow x_1=x_2}`{=tex}.""}, {""record_type"": ""formula"", ""label"": ""formula-3"", ""content"": ""f(x)=3x+2.""}, {""record_type"": ""formula"", ""label"": ""formula-4"", ""content"": ""f(x_1)=f(x_2).""}, {""record_type"": ""formula"", ""label"": ""formula-5"", ""content"": ""3x_1+2=3x_2+2""}, {""record_type"": ""formula"", ""label"": ""formula-6"", ""content"": ""3x_1=3x_2""}, {""record_type"": ""formula"", ""label"": ""formula-7"", ""content"": ""`\\boxed{x_1=x_2}`{=tex}.""}, {""record_type"": ""formula"", ""label"": ""formula-8"", ""content"": ""g(x)=x\\^2-3,""}, {""record_type"": ""formula"", ""label"": ""formula-9"", ""content"": ""g(1)=1\\^2-3=-2""}, {""record_type"": ""formula"", ""label"": ""formula-10"", ""content"": ""g(-1)=(-1)\\^2-3=-2.""}, {""record_type"": ""formula"", ""label"": ""formula-11"", ""content"": ""`\\boxed{g\\text{ is not one-to-one}}`{=tex}.""}, {""record_type"": ""formula"", ""label"": ""formula-12"", ""content"": ""f(x)=3x+2,""}, {""record_type"": ""formula"", ""label"": ""formula-13"", ""content"": ""g(x)=x\\^2-3,""}, {""record_type"": ""formula"", ""label"": ""formula-14"", ""content"": ""f:D`\\to `{=tex}R""}, {""record_type"": ""formula"", ""label"": ""formula-15"", ""content"": ""f\\^{-1}:R`\\to `{=tex}D.""}, {""record_type"": ""formula"", ""label"": ""formula-16"", ""content"": ""`\\boxed{(f\\circ f^{-1})(x)=x}`{=tex}""}, {""record_type"": ""formula"", ""label"": ""formula-17"", ""content"": ""`\\boxed{(f^{-1}\\circ f)(x)=x}`{=tex}.""}, {""record_type"": ""formula"", ""label"": ""formula-18"", ""content"": ""f(x)=3x-5,`\\qquad `{=tex}g(x)=`\\frac{x+5}{3}`{=tex}.""}, {""record_type"": ""formula"", ""label"": ""formula-19"", ""content"": ""(f`\\circ `{=tex}g)(x)\n=3`\\left`{=tex}(`\\frac{x+5}{3}`{=tex}`\\right`{=tex})-5 =x.""}, {""record_type"": ""formula"", ""label"": ""formula-20"", ""content"": ""(g`\\circ `{=tex}f)(x) =`\\frac{(3x-5)+5}{3}`{=tex} =x.""}, {""record_type"": ""formula"", ""label"": ""formula-21"", ""content"": ""f(x)=`\\frac{3x+4}{2x-4}`{=tex}.""}, {""record_type"": ""formula"", ""label"": ""formula-22"", ""content"": ""y=`\\frac{3x+4}{2x-4}`{=tex}.""}, {""record_type"": ""formula"", ""label"": ""formula-23"", ""content"": ""x=`\\frac{3y+4}{2y-4}`{=tex}.""}, {""record_type"": ""formula"", ""label"": ""formula-24"", ""content"": ""x(2y-4)=3y+4""}, {""record_type"": ""formula"", ""label"": ""formula-25"", ""content"": ""2xy-4x=3y+4""}, {""record_type"": ""formula"", ""label"": ""formula-26"", ""content"": ""2xy-3y=4x+4""}, {""record_type"": ""formula"", ""label"": ""formula-27"", ""content"": ""(2x-3)y=4x+4""}, {""record_type"": ""formula"", ""label"": ""formula-28"", ""content"": ""`\\boxed{f^{-1}(x)=\\frac{4x+4}{2x-3}}`{=tex}.""}, {""record_type"": ""formula"", ""label"": ""formula-29"", ""content"": ""f(x)=x\\^2-3,`\\qquad `{=tex}x`\\ge0`{=tex}.""}, {""record_type"": ""formula"", ""label"": ""formula-30"", ""content"": ""y=x\\^2-3""}, {""record_type"": ""formula"", ""label"": ""formula-31"", ""content"": ""x=y\\^2-3""}, {""record_type"": ""formula"", ""label"": ""formula-32"", ""content"": ""y=`\\sqrt{x+3}`{=tex}.""}, {""record_type"": ""formula"", ""label"": ""formula-33"", ""content"": ""`\\boxed{f^{-1}(x)=\\sqrt{x+3}}`{=tex}.""}, {""record_type"": ""formula"", ""label"": ""formula-34"", ""content"": ""`\\boxed{y=x}`{=tex}.""}, {""record_type"": ""topic"", ""label"": ""functions"", ""content"": ""functions""}, {""record_type"": ""topic"", ""label"": ""inverse functions"", ""content"": ""inverse functions""}]"
SRC-MD-86F527D2A960,sources/lectures/5.2.md,lecture,5.2,5.2 - Exponential Functions,"[""compound interest"", ""equations"", ""exponential equations"", ""exponential functions"", ""functions"", ""inverse functions""]",1,0,31,2256,86f527d2a960ac749e194f29c1e21a0a9c670970de9462a1bed5f21f1ca40a87,complete,"[{""record_type"": ""question"", ""label"": ""5.2 - Exponential Functions"", ""content"": """"}, {""record_type"": ""example"", ""label"": ""Graph Examples"", ""content"": ""The source compares\n\n\\[ y=`\\left`{=tex}(`\\frac32`{=tex}`\\right`{=tex})\\^x \\]\n\nand\n\n\\[ y=3\\^x. \\]\n\nBoth increase because their bases are greater than (1).\n\nIt also compares\n\n\\[ y=`\\left`{=tex}(`\\frac12`{=tex}`\\right`{=tex})\\^x \\]\n\nwith\n\n\\[ y=2\\^x. \\]\n\nSince\n\n\\[ `\\left`{=tex}(`\\frac12`{=tex}`\\right`{=tex})^x=2^{-x}, \\]\n\nthe decay graph is the reflection of (y=2\\^x) across the (y)-axis.""}, {""record_type"": ""formula"", ""label"": ""formula-1"", ""content"": ""f(x)=x\\^n""}, {""record_type"": ""formula"", ""label"": ""formula-2"", ""content"": ""`\\boxed{f(x)=b^x}`{=tex},""}, {""record_type"": ""formula"", ""label"": ""formula-3"", ""content"": ""b\\>0,`\\qquad `{=tex}b`\\ne1`{=tex}.""}, {""record_type"": ""formula"", ""label"": ""formula-4"", ""content"": ""0\\<b\\<1,""}, {""record_type"": ""formula"", ""label"": ""formula-5"", ""content"": ""b\\>1,""}, {""record_type"": ""formula"", ""label"": ""formula-6"", ""content"": ""`\\boxed{y=0}`{=tex}.""}, {""record_type"": ""formula"", ""label"": ""formula-7"", ""content"": ""7^{3x}=7^{2x+5}.""}, {""record_type"": ""formula"", ""label"": ""formula-8"", ""content"": ""3x=2x+5""}, {""record_type"": ""formula"", ""label"": ""formula-9"", ""content"": ""`\\boxed{x=5}`{=tex}.""}, {""record_type"": ""formula"", ""label"": ""formula-10"", ""content"": ""y=`\\left`{=tex}(`\\frac32`{=tex}`\\right`{=tex})\\^x""}, {""record_type"": ""formula"", ""label"": ""formula-11"", ""content"": ""y=3\\^x.""}, {""record_type"": ""formula"", ""label"": ""formula-12"", ""content"": ""y=`\\left`{=tex}(`\\frac12`{=tex}`\\right`{=tex})\\^x""}, {""record_type"": ""formula"", ""label"": ""formula-13"", ""content"": ""y=2\\^x.""}, {""record_type"": ""formula"", ""label"": ""formula-14"", ""content"": ""`\\left`{=tex}(`\\frac12`{=tex}`\\right`{=tex})^x=2^{-x},""}, {""record_type"": ""formula"", ""label"": ""formula-15"", ""content"": ""f(x)=ab\\^{-x}+c""}, {""record_type"": ""formula"", ""label"": ""formula-16"", ""content"": ""`\\boxed{c=-2}`{=tex}.""}, {""record_type"": ""formula"", ""label"": ""formula-17"", ""content"": ""f(x)=ab\\^{-x}-2.""}, {""record_type"": ""formula"", ""label"": ""formula-18"", ""content"": ""f(0)=a-2=16""}, {""record_type"": ""formula"", ""label"": ""formula-19"", ""content"": ""`\\boxed{a=18}`{=tex}.""}, {""record_type"": ""formula"", ""label"": ""formula-20"", ""content"": ""18b\\^{-2}-2=0""}, {""record_type"": ""formula"", ""label"": ""formula-21"", ""content"": ""b\\^{-2}=`\\frac19`{=tex}""}, {""record_type"": ""formula"", ""label"": ""formula-22"", ""content"": ""b\\^2=9""}, {""record_type"": ""formula"", ""label"": ""formula-23"", ""content"": ""`\\boxed{b=3}`{=tex}.""}, {""record_type"": ""formula"", ""label"": ""formula-24"", ""content"": ""`\\boxed{f(x)=18(3)^{-x}-2}`{=tex}.""}, {""record_type"": ""formula"", ""label"": ""formula-25"", ""content"": ""`\\boxed{A=P\\left(1+\\frac rn\\right)^{nt}}`{=tex}""}, {""record_type"": ""formula"", ""label"": ""formula-26"", ""content"": ""f(t)=ab\\^t,""}, {""record_type"": ""formula"", ""label"": ""formula-27"", ""content"": ""a=0.25.""}, {""record_type"": ""formula"", ""label"": ""formula-28"", ""content"": ""5.15=0.25b\\^{59}.""}, {""record_type"": ""formula"", ""label"": ""formula-29"", ""content"": ""20.6=b\\^{59}""}, {""record_type"": ""formula"", ""label"": ""formula-30"", ""content"": ""b=`\\sqrt[59]{20.6}`{=tex}`\\approx1.053`{=tex}.""}, {""record_type"": ""formula"", ""label"": ""formula-31"", ""content"": ""`\\boxed{f(t)\\approx0.25(1.053)^t}`{=tex}.""}, {""record_type"": ""topic"", ""label"": ""compound interest"", ""content"": ""compound interest""}, {""record_type"": ""topic"", ""label"": ""equations"", ""content"": ""equations""}, {""record_type"": ""topic"", ""label"": ""exponential equations"", ""content"": ""exponential equations""}, {""record_type"": ""topic"", ""label"": ""exponential functions"", ""content"": ""exponential functions""}, {""record_type"": ""topic"", ""label"": ""functions"", ""content"": ""functions""}, {""record_type"": ""topic"", ""label"": ""inverse functions"", ""content"": ""inverse functions""}]"
SRC-MD-29F246BFFEFC,sources/lectures/5.3.md,lecture,5.3,5.3 - Natural Exponential Function,"[""compound interest"", ""exponential functions"", ""functions""]",1,0,11,1644,29f246bffefc18145d8b9cf9fdba6537637141db7abacf194d53272096998891,complete,"[{""record_type"": ""question"", ""label"": ""5.3 - Natural Exponential Function"", ""content"": """"}, {""record_type"": ""example"", ""label"": ""Compound Interest Example"", ""content"": ""Suppose \\$1,000 is invested for one year at (9%).\n\n\\[ P=1000,`\\qquad `{=tex}r=0.09,`\\qquad `{=tex}t=1. \\]""}, {""record_type"": ""formula"", ""label"": ""formula-1"", ""content"": ""`\\left`{=tex}(1+`\\frac12`{=tex}`\\right`{=tex})\\^2,`\\qquad`{=tex}\n`\\left`{=tex}(1+`\\frac13`{=tex}`\\right`{=tex})\\^3,`\\qquad`{=tex}\n`\\left`{=tex}(1+`\\frac14`{=tex}`\\right`{=tex})\\^4,`\\ldots`{=tex}""}, {""record_type"": ""formula"", ""label"": ""formula-2"", ""content"": ""`\\boxed{\\lim_{n\\to\\infty}\\left(1+\\frac1n\\right)^n=e}`{=tex}""}, {""record_type"": ""formula"", ""label"": ""formula-3"", ""content"": ""`\\boxed{e\\approx2.71828\\ldots}`{=tex}.""}, {""record_type"": ""formula"", ""label"": ""formula-4"", ""content"": ""`\\boxed{\\lim_{n\\to\\infty}\\left(1+\\frac rn\\right)^{nt}=e^{rt}}`{=tex}.""}, {""record_type"": ""formula"", ""label"": ""formula-5"", ""content"": ""P=1000,`\\qquad `{=tex}r=0.09,`\\qquad `{=tex}t=1.""}, {""record_type"": ""formula"", ""label"": ""formula-6"", ""content"": ""A=1000`\\left`{=tex}(1+`\\frac{0.09}{4}`{=tex}`\\right`{=tex})\\^4\n`\\approx1093.0833`{=tex}.""}, {""record_type"": ""formula"", ""label"": ""formula-7"", ""content"": ""A=1000`\\left`{=tex}(1+`\\frac{0.09}{12}`{=tex}`\\right`{=tex})\\^{12}\n`\\approx1093.8069`{=tex}.""}, {""record_type"": ""formula"", ""label"": ""formula-8"", ""content"": ""A=1000`\\left`{=tex}(1+`\\frac{0.09}{52}`{=tex}`\\right`{=tex})\\^{52}\n`\\approx1094.0892`{=tex}.""}, {""record_type"": ""formula"", ""label"": ""formula-9"", ""content"": ""A=1000e\\^{0.09} `\\approx1094.1742`{=tex}.""}, {""record_type"": ""formula"", ""label"": ""formula-10"", ""content"": ""`\\boxed{f(x)=\\frac{e^x+e^{-x}}2}`{=tex}.""}, {""record_type"": ""formula"", ""label"": ""formula-11"", ""content"": ""f(-x)=`\\frac{e^{-x}+e^x}{2}`{=tex}=f(x).""}, {""record_type"": ""topic"", ""label"": ""compound interest"", ""content"": ""compound interest""}, {""record_type"": ""topic"", ""label"": ""exponential functions"", ""content"": ""exponential functions""}, {""record_type"": ""topic"", ""label"": ""functions"", ""content"": ""functions""}]"
SRC-MD-3BB0478EEB51,sources/lectures/5.4.md,lecture,5.4,5.4 --- Logarithmic Functions,"[""exponential functions"", ""functions"", ""inverse functions"", ""logarithms""]",1,0,71,5008,3bb0478eeb51a8e66b88214ebb4ec15f7b7124a815d9acd29db73a459d7a63e1,complete,"[{""record_type"": ""question"", ""label"": ""5.4 --- Logarithmic Functions"", ""content"": """"}, {""record_type"": ""example"", ""label"": ""Extraneous-Solution Example"", ""content"": ""\\[ `\\log`{=tex}\\_4(x+1)=`\\log`{=tex}\\_4(2x+3). \\]\n\nEquating the arguments gives\n\n\\[ x+1=2x+3 \\]\n\nand hence\n\n\\[ x=-2. \\]\n\nBut substitution produces logarithms of negative numbers, so (x=-2) is\nextraneous.""}, {""record_type"": ""formula"", ""label"": ""formula-1"", ""content"": ""f(x)=a\\^x,""}, {""record_type"": ""formula"", ""label"": ""formula-2"", ""content"": ""`\\boxed{f^{-1}(x)=\\log_a(x)}`{=tex}.""}, {""record_type"": ""formula"", ""label"": ""formula-3"", ""content"": ""(f`\\circ `{=tex}f\\^{-1})(x)=x""}, {""record_type"": ""formula"", ""label"": ""formula-4"", ""content"": ""`\\boxed{a^{\\log_a(x)}=x}`{=tex},""}, {""record_type"": ""formula"", ""label"": ""formula-5"", ""content"": ""(f\\^{-1}`\\circ `{=tex}f)(x)=x""}, {""record_type"": ""formula"", ""label"": ""formula-6"", ""content"": ""`\\boxed{\\log_a(a^x)=x}`{=tex}.""}, {""record_type"": ""formula"", ""label"": ""formula-7"", ""content"": ""`\\boxed{\\log_a(x)=y\\iff a^y=x}`{=tex}.""}, {""record_type"": ""formula"", ""label"": ""formula-8"", ""content"": ""5\\^2=u""}, {""record_type"": ""formula"", ""label"": ""formula-9"", ""content"": ""`\\boxed{\\log_5(u)=2}`{=tex}.""}, {""record_type"": ""formula"", ""label"": ""formula-10"", ""content"": ""w=`\\log`{=tex}\\_4(2t+3)""}, {""record_type"": ""formula"", ""label"": ""formula-11"", ""content"": ""`\\boxed{4^w=2t+3}`{=tex}.""}, {""record_type"": ""formula"", ""label"": ""formula-12"", ""content"": ""f(x)=a\\^x,""}, {""record_type"": ""formula"", ""label"": ""formula-13"", ""content"": ""`\\operatorname{domain}`{=tex}=(-`\\infty`{=tex},`\\infty`{=tex})""}, {""record_type"": ""formula"", ""label"": ""formula-14"", ""content"": ""`\\operatorname{range}`{=tex}=(0,`\\infty`{=tex}).""}, {""record_type"": ""formula"", ""label"": ""formula-15"", ""content"": ""f\\^{-1}(x)=`\\log`{=tex}\\_a(x),""}, {""record_type"": ""formula"", ""label"": ""formula-16"", ""content"": ""`\\operatorname{domain}`{=tex}=(0,`\\infty`{=tex})""}, {""record_type"": ""formula"", ""label"": ""formula-17"", ""content"": ""`\\operatorname{range}`{=tex}=(-`\\infty`{=tex},`\\infty`{=tex}).""}, {""record_type"": ""formula"", ""label"": ""formula-18"", ""content"": ""`\\log`{=tex}\\_{10}(100)=2""}, {""record_type"": ""formula"", ""label"": ""formula-19"", ""content"": ""`\\log`{=tex}\\_2(2)=1""}, {""record_type"": ""formula"", ""label"": ""formula-20"", ""content"": ""`\\log`{=tex}\\_2(4)=2""}, {""record_type"": ""formula"", ""label"": ""formula-21"", ""content"": ""`\\log`{=tex}\\_2`\\left`{=tex}(`\\frac12`{=tex}`\\right`{=tex})=-1""}, {""record_type"": ""formula"", ""label"": ""formula-22"", ""content"": ""`\\log`{=tex}\\_4(2)=`\\frac12`{=tex}.""}, {""record_type"": ""formula"", ""label"": ""formula-23"", ""content"": ""`\\boxed{\\log_2(-2)\\text{ is undefined}}`{=tex}""}, {""record_type"": ""formula"", ""label"": ""formula-24"", ""content"": ""0\\<a\\<1""}, {""record_type"": ""formula"", ""label"": ""formula-25"", ""content"": ""a\\>1.""}, {""record_type"": ""formula"", ""label"": ""formula-26"", ""content"": ""`\\log`{=tex}\\_6(4x-5)=`\\log`{=tex}\\_6(2x+1).""}, {""record_type"": ""formula"", ""label"": ""formula-27"", ""content"": ""4x-5=2x+1.""}, {""record_type"": ""formula"", ""label"": ""formula-28"", ""content"": ""2x=6""}, {""record_type"": ""formula"", ""label"": ""formula-29"", ""content"": ""`\\boxed{x=3}`{=tex}.""}, {""record_type"": ""formula"", ""label"": ""formula-30"", ""content"": ""`\\log`{=tex}\\_6(7)=`\\log`{=tex}\\_6(7).""}, {""record_type"": ""formula"", ""label"": ""formula-31"", ""content"": ""`\\log`{=tex}\\_4(x+1)=`\\log`{=tex}\\_4(2x+3).""}, {""record_type"": ""formula"", ""label"": ""formula-32"", ""content"": ""x+1=2x+3""}, {""record_type"": ""formula"", ""label"": ""formula-33"", ""content"": ""x=-2.""}, {""record_type"": ""formula"", ""label"": ""formula-34"", ""content"": ""y=2\\^x""}, {""record_type"": ""formula"", ""label"": ""formula-35"", ""content"": ""y=`\\log`{=tex}\\_2(x).""}, {""record_type"": ""formula"", ""label"": ""formula-36"", ""content"": ""y=x.""}, {""record_type"": ""formula"", ""label"": ""formula-37"", ""content"": ""y=0.""}, {""record_type"": ""formula"", ""label"": ""formula-38"", ""content"": ""x=0.""}, {""record_type"": ""formula"", ""label"": ""formula-39"", ""content"": ""(0,1)`\\leftrightarrow`{=tex}(1,0).""}, {""record_type"": ""formula"", ""label"": ""formula-40"", ""content"": ""`\\boxed{\\log(x)=\\log_{10}(x)}`{=tex}.""}, {""record_type"": ""formula"", ""label"": ""formula-41"", ""content"": ""`\\boxed{\\ln(x)=\\log_e(x)}`{=tex}.""}, {""record_type"": ""formula"", ""label"": ""formula-42"", ""content"": ""10\\^{y+3}=z""}, {""record_type"": ""formula"", ""label"": ""formula-43"", ""content"": ""`\\boxed{y+3=\\log(z)}`{=tex}.""}, {""record_type"": ""formula"", ""label"": ""formula-44"", ""content"": ""`\\ln`{=tex}(x)=2""}, {""record_type"": ""formula"", ""label"": ""formula-45"", ""content"": ""`\\boxed{x=e^2}`{=tex}.""}, {""record_type"": ""formula"", ""label"": ""formula-46"", ""content"": ""`\\boxed{R=\\log\\left(\\frac{I}{I_0}\\right)}`{=tex},""}, {""record_type"": ""formula"", ""label"": ""formula-47"", ""content"": ""I=1000I_0,""}, {""record_type"": ""formula"", ""label"": ""formula-48"", ""content"": ""R=`\\log`{=tex}(1000)=3.""}, {""record_type"": ""formula"", ""label"": ""formula-49"", ""content"": ""`\\boxed{R=3}`{=tex}.""}, {""record_type"": ""formula"", ""label"": ""formula-50"", ""content"": ""R=`\\log`{=tex}\\_{10}`\\left`{=tex}(`\\frac{I}{I_0}`{=tex}`\\right`{=tex})""}, {""record_type"": ""formula"", ""label"": ""formula-51"", ""content"": ""10\\^R=`\\frac{I}{I_0}`{=tex}.""}, {""record_type"": ""formula"", ""label"": ""formula-52"", ""content"": ""`\\boxed{I=I_0\\,10^R}`{=tex}.""}, {""record_type"": ""formula"", ""label"": ""formula-53"", ""content"": ""P(t)=P_0e\\^{rt}, `\\qquad `{=tex}r=0.04.""}, {""record_type"": ""formula"", ""label"": ""formula-54"", ""content"": ""P(t_2)=2P(0).""}, {""record_type"": ""formula"", ""label"": ""formula-55"", ""content"": ""e\\^{rt_2}=2.""}, {""record_type"": ""formula"", ""label"": ""formula-56"", ""content"": ""rt_2=`\\ln`{=tex}(2).""}, {""record_type"": ""formula"", ""label"": ""formula-57"", ""content"": ""`\\boxed{t_2=\\frac{\\ln(2)}{r}}`{=tex}.""}, {""record_type"": ""formula"", ""label"": ""formula-58"", ""content"": ""t_2=`\\frac{\\ln(2)}{0.04}`{=tex}`\\approx`{=tex}`\\boxed{17.33\\text{ years}}`{=tex}.""}, {""record_type"": ""formula"", ""label"": ""formula-59"", ""content"": ""N(t)=ke\\^{ct}.""}, {""record_type"": ""formula"", ""label"": ""formula-60"", ""content"": ""N(0)=k,""}, {""record_type"": ""formula"", ""label"": ""formula-61"", ""content"": ""`\\boxed{k=2000}`{=tex}.""}, {""record_type"": ""formula"", ""label"": ""formula-62"", ""content"": ""N(t)=2000e\\^{ct}.""}, {""record_type"": ""formula"", ""label"": ""formula-63"", ""content"": ""1500=2000e\\^{10c}""}, {""record_type"": ""formula"", ""label"": ""formula-64"", ""content"": ""`\\frac34`{=tex}=e\\^{10c}.""}, {""record_type"": ""formula"", ""label"": ""formula-65"", ""content"": ""`\\ln`{=tex}`\\left`{=tex}(`\\frac34`{=tex}`\\right`{=tex})=10c.""}, {""record_type"": ""formula"", ""label"": ""formula-66"", ""content"": ""`\\boxed{c=\\frac{\\ln(3/4)}{10}\\approx-0.029}`{=tex}.""}, {""record_type"": ""formula"", ""label"": ""formula-67"", ""content"": ""N(t\\_{1/2})=`\\frac`{=tex}12N(0).""}, {""record_type"": ""formula"", ""label"": ""formula-68"", ""content"": ""e\\^{ct\\_{1/2}}=`\\frac12`{=tex}""}, {""record_type"": ""formula"", ""label"": ""formula-69"", ""content"": ""ct\\_{1/2}=`\\ln`{=tex}`\\left`{=tex}(`\\frac12`{=tex}`\\right`{=tex}).""}, {""record_type"": ""formula"", ""label"": ""formula-70"", ""content"": ""`\\boxed{\nt_{1/2}=\\frac{\\ln(1/2)}{c}\n}`{=tex}.""}, {""record_type"": ""formula"", ""label"": ""formula-71"", ""content"": ""`\\boxed{t_{1/2}\\approx23.9\\text{ years}}`{=tex}""}, {""record_type"": ""topic"", ""label"": ""exponential functions"", ""content"": ""exponential functions""}, {""record_type"": ""topic"", ""label"": ""functions"", ""content"": ""functions""}, {""record_type"": ""topic"", ""label"": ""inverse functions"", ""content"": ""inverse functions""}, {""record_type"": ""topic"", ""label"": ""logarithms"", ""content"": ""logarithms""}]"
SRC-MD-6538BA4AD42F,sources/lectures/5.5.md,lecture,5.5,5.5 --- Properties of Logarithms,"[""logarithmic equations"", ""logarithms""]",4,0,33,2868,6538ba4ad42fd774a520d68b5311bf127a04e8708b93842f5c6a266ce5ec9954,complete,"[{""record_type"": ""question"", ""label"": ""5.5 --- Properties of Logarithms"", ""content"": ""For appropriate positive inputs, the notes give three main logarithm\nproperties.""}, {""record_type"": ""question"", ""label"": ""1. Product Rule"", ""content"": ""\\[ `\\boxed{\\log_a(xy)=\\log_a(x)+\\log_a(y)}`{=tex} \\]""}, {""record_type"": ""question"", ""label"": ""2. Quotient Rule"", ""content"": ""\\[ `\\boxed{\n\\log_a\\left(\\frac{x}{y}\\right)\n=\n\\log_a(x)-\\log_a(y)\n}`{=tex} \\]""}, {""record_type"": ""question"", ""label"": ""3. Power Rule"", ""content"": ""\\[ `\\boxed{\n\\log_a(x^n)=n\\log_a(x)\n}`{=tex} \\]\n\nThe notes specify\n\n\\[ x,y\\>0 \\]\n\nand real values of (n).""}, {""record_type"": ""example"", ""label"": ""Graph Transformation Example"", ""content"": ""What is the relationship between\n\n\\[ y=`\\log`{=tex}\\_3(x) \\]\n\nand\n\n\\[ y=`\\log`{=tex}\\_3(81x)? \\]\n\nUse the product rule:\n\n\\[ `\\log`{=tex}\\_3(81x) = `\\log`{=tex}\\_3(81)+`\\log`{=tex}\\_3(x). \\]\n\nSince\n\n\\[ 81=3\\^4, \\]\n\n\\[ `\\log`{=tex}\\_3(81)=4. \\]\n\nTherefore\n\n\\[ `\\boxed{\n\\log_3(81x)=4+\\log_3(x)\n}`{=tex}. \\]\n\nSo the graph of (y=`\\log`{=tex}\\_3(81x)) is the graph of\n(y=`\\log`{=tex}\\_3(x)) shifted **up 4 units**.\n\nThe graph on page 6 marks the corresponding points\n\n\\[ (1,0) \\]\n\nand\n\n\\[ (1,4). \\]""}, {""record_type"": ""formula"", ""label"": ""formula-1"", ""content"": ""`\\boxed{\\log_a(xy)=\\log_a(x)+\\log_a(y)}`{=tex}""}, {""record_type"": ""formula"", ""label"": ""formula-2"", ""content"": ""`\\boxed{\n\\log_a\\left(\\frac{x}{y}\\right)\n=\n\\log_a(x)-\\log_a(y)\n}`{=tex}""}, {""record_type"": ""formula"", ""label"": ""formula-3"", ""content"": ""`\\boxed{\n\\log_a(x^n)=n\\log_a(x)\n}`{=tex}""}, {""record_type"": ""formula"", ""label"": ""formula-4"", ""content"": ""x,y\\>0""}, {""record_type"": ""formula"", ""label"": ""formula-5"", ""content"": ""`\\boxed{\\log_a(x+y)\\ne\\log_a(x)+\\log_a(y)}`{=tex}""}, {""record_type"": ""formula"", ""label"": ""formula-6"", ""content"": ""`\\boxed{\\log_a(x-y)\\ne\\log_a(x)-\\log_a(y)}`{=tex}.""}, {""record_type"": ""formula"", ""label"": ""formula-7"", ""content"": ""`\\log`{=tex}\\_a`\\left`{=tex}(`\\frac{x^3\\sqrt{y}}{z^2}`{=tex}`\\right`{=tex})""}, {""record_type"": ""formula"", ""label"": ""formula-8"", ""content"": ""`\\log`{=tex}\\_a(x\\^3`\\sqrt `{=tex}y)-`\\log`{=tex}\\_a(z\\^2).""}, {""record_type"": ""formula"", ""label"": ""formula-9"", ""content"": ""`\\log`{=tex}\\_a(x\\^3)+`\\log`{=tex}\\_a(`\\sqrt `{=tex}y)-2`\\log`{=tex}\\_a(z).""}, {""record_type"": ""formula"", ""label"": ""formula-10"", ""content"": ""`\\sqrt `{=tex}y=y\\^{1/2},""}, {""record_type"": ""formula"", ""label"": ""formula-11"", ""content"": ""`\\boxed{\n3\\log_a(x)+\\frac12\\log_a(y)-2\\log_a(z)\n}`{=tex}.""}, {""record_type"": ""formula"", ""label"": ""formula-12"", ""content"": ""`\\frac13`{=tex}`\\log`{=tex}\\_a(x\\^2-1)-`\\log`{=tex}\\_a(y)-4`\\log`{=tex}\\_a(z)""}, {""record_type"": ""formula"", ""label"": ""formula-13"", ""content"": ""`\\log`{=tex}\\_a`\\left`{=tex}((x^2-1)^{1/3}`\\right`{=tex})\n-`\\log`{=tex}\\_a(y) -`\\log`{=tex}\\_a(z\\^4).""}, {""record_type"": ""formula"", ""label"": ""formula-14"", ""content"": ""`\\boxed{\n\\log_a\\left(\n\\frac{\\sqrt[3]{x^2-1}}{yz^4}\n\\right)\n}`{=tex}.""}, {""record_type"": ""formula"", ""label"": ""formula-15"", ""content"": ""`\\ln`{=tex}(x+6)-`\\ln`{=tex}(10) = `\\ln`{=tex}(x-1)-2`\\ln`{=tex}(2).""}, {""record_type"": ""formula"", ""label"": ""formula-16"", ""content"": ""`\\ln`{=tex}`\\left`{=tex}(`\\frac{x+6}{10}`{=tex}`\\right`{=tex}).""}, {""record_type"": ""formula"", ""label"": ""formula-17"", ""content"": ""2`\\ln`{=tex}(2)=`\\ln`{=tex}(2\\^2)=`\\ln`{=tex}(4).""}, {""record_type"": ""formula"", ""label"": ""formula-18"", ""content"": ""`\\ln`{=tex}`\\left`{=tex}(`\\frac{x+6}{10}`{=tex}`\\right`{=tex}) =\n`\\ln`{=tex}(x-1)-`\\ln`{=tex}(4)""}, {""record_type"": ""formula"", ""label"": ""formula-19"", ""content"": ""`\\ln`{=tex}`\\left`{=tex}(`\\frac{x+6}{10}`{=tex}`\\right`{=tex}) =\n`\\ln`{=tex}`\\left`{=tex}(`\\frac{x-1}{4}`{=tex}`\\right`{=tex}).""}, {""record_type"": ""formula"", ""label"": ""formula-20"", ""content"": ""`\\frac{x+6}{10}`{=tex} = `\\frac{x-1}{4}`{=tex}.""}, {""record_type"": ""formula"", ""label"": ""formula-21"", ""content"": ""4(x+6)=10(x-1)""}, {""record_type"": ""formula"", ""label"": ""formula-22"", ""content"": ""4x+24=10x-10""}, {""record_type"": ""formula"", ""label"": ""formula-23"", ""content"": ""34=6x""}, {""record_type"": ""formula"", ""label"": ""formula-24"", ""content"": ""`\\boxed{x=\\frac{17}{3}}`{=tex}.""}, {""record_type"": ""formula"", ""label"": ""formula-25"", ""content"": ""`\\frac76`{=tex}.""}, {""record_type"": ""formula"", ""label"": ""formula-26"", ""content"": ""y=`\\log`{=tex}\\_3(x)""}, {""record_type"": ""formula"", ""label"": ""formula-27"", ""content"": ""y=`\\log`{=tex}\\_3(81x)?""}, {""record_type"": ""formula"", ""label"": ""formula-28"", ""content"": ""`\\log`{=tex}\\_3(81x) = `\\log`{=tex}\\_3(81)+`\\log`{=tex}\\_3(x).""}, {""record_type"": ""formula"", ""label"": ""formula-29"", ""content"": ""81=3\\^4,""}, {""record_type"": ""formula"", ""label"": ""formula-30"", ""content"": ""`\\log`{=tex}\\_3(81)=4.""}, {""record_type"": ""formula"", ""label"": ""formula-31"", ""content"": ""`\\boxed{\n\\log_3(81x)=4+\\log_3(x)\n}`{=tex}.""}, {""record_type"": ""formula"", ""label"": ""formula-32"", ""content"": ""(1,0)""}, {""record_type"": ""formula"", ""label"": ""formula-33"", ""content"": ""(1,4).""}, {""record_type"": ""topic"", ""label"": ""logarithmic equations"", ""content"": ""logarithmic equations""}, {""record_type"": ""topic"", ""label"": ""logarithms"", ""content"": ""logarithms""}]"
SRC-MD-6F188022E356,sources/lectures/5.6.md,lecture,5.6,5.6 --- Exponential and Logarithmic Equations,"[""equations"", ""exponential equations"", ""factoring"", ""logarithmic equations"", ""logarithms"", ""quadratic equations""]",1,0,35,2464,6f188022e35628596d992a1b282cdd903ad7f11e312f6158e685bcea94b37596,complete,"[{""record_type"": ""question"", ""label"": ""5.6 --- Exponential and Logarithmic Equations"", ""content"": """"}, {""record_type"": ""example"", ""label"": ""Example --- Approximate (`\\log`{=tex}\\_2(5))"", ""content"": ""Using common logarithms:\n\n\\[ `\\log`{=tex}\\_2(5)=`\\frac{\\log(5)}{\\log(2)}`{=tex} \\]\n\nand the notes obtain\n\n\\[ `\\boxed{\\log_2(5)\\approx2.32}`{=tex}. \\]\n\nUsing natural logarithms:\n\n\\[ `\\log`{=tex}\\_2(5)=`\\frac{\\ln(5)}{\\ln(2)}`{=tex} \\]\n\ngives the same approximation:\n\n\\[ `\\boxed{\\log_2(5)\\approx2.32}`{=tex}. \\]""}, {""record_type"": ""example"", ""label"": ""Example 1"", ""content"": ""Solve\n\n\\[ 3\\^x=21. \\]\n\nTake logarithm base (3):\n\n\\[ `\\log`{=tex}\\_3(3\\^x)=`\\log`{=tex}\\_3(21). \\]\n\nTherefore\n\n\\[ x=`\\log`{=tex}\\_3(21). \\]\n\nUsing change of base,\n\n\\[ x=`\\frac{\\ln(21)}{\\ln(3)}`{=tex}. \\]\n\nThe notes approximate:\n\n\\[ `\\boxed{x\\approx2.77}`{=tex}. \\]""}, {""record_type"": ""example"", ""label"": ""Example 2"", ""content"": ""Solve\n\n\\[ 5^{2x+1}=6^{x-2}. \\]\n\nTake natural logarithms:\n\n\\[ `\\ln`{=tex}(5\\^{2x+1}) = `\\ln`{=tex}(6\\^{x-2}). \\]\n\nUse the power rule:\n\n\\[ (2x+1)`\\ln`{=tex}(5) = (x-2)`\\ln`{=tex}(6). \\]\n\nExpand:\n\n\\[ 2`\\ln`{=tex}(5)x+`\\ln`{=tex}(5) = `\\ln`{=tex}(6)x-2`\\ln`{=tex}(6). \\]\n\nCollect (x)-terms:\n\n\\[ 2`\\ln`{=tex}(5)x-`\\ln`{=tex}(6)x = -2`\\ln`{=tex}(6)-`\\ln`{=tex}(5).\n\\]\n\nFactor:\n\n\\[ x(2`\\ln`{=tex}(5)-`\\ln`{=tex}(6)) = -2`\\ln`{=tex}(6)-`\\ln`{=tex}(5).\n\\]\n\nTherefore\n\n\\[ `\\boxed{\nx=\n\\frac{-2\\ln(6)-\\ln(5)}\n{2\\ln(5)-\\ln(6)}\n}`{=tex}. \\]\n\nThe notes approximate\n\n\\[ `\\boxed{x\\approx-3.64}`{=tex}. \\]""}, {""record_type"": ""formula"", ""label"": ""formula-1"", ""content"": ""`\\boxed{\n\\log_b(a)=\\frac{\\log_c(a)}{\\log_c(b)}\n}`{=tex}""}, {""record_type"": ""formula"", ""label"": ""formula-2"", ""content"": ""`\\boxed{\n\\log_b(a)=\\frac{\\ln(a)}{\\ln(b)}\n}`{=tex}""}, {""record_type"": ""formula"", ""label"": ""formula-3"", ""content"": ""`\\boxed{\n\\log_b(a)=\\frac{\\log(a)}{\\log(b)}\n}`{=tex}.""}, {""record_type"": ""formula"", ""label"": ""formula-4"", ""content"": ""`\\log`{=tex}\\_2(5)=`\\frac{\\log(5)}{\\log(2)}`{=tex}""}, {""record_type"": ""formula"", ""label"": ""formula-5"", ""content"": ""`\\boxed{\\log_2(5)\\approx2.32}`{=tex}.""}, {""record_type"": ""formula"", ""label"": ""formula-6"", ""content"": ""`\\log`{=tex}\\_2(5)=`\\frac{\\ln(5)}{\\ln(2)}`{=tex}""}, {""record_type"": ""formula"", ""label"": ""formula-7"", ""content"": ""`\\boxed{\\log_2(5)\\approx2.32}`{=tex}.""}, {""record_type"": ""formula"", ""label"": ""formula-8"", ""content"": ""3\\^x=21.""}, {""record_type"": ""formula"", ""label"": ""formula-9"", ""content"": ""`\\log`{=tex}\\_3(3\\^x)=`\\log`{=tex}\\_3(21).""}, {""record_type"": ""formula"", ""label"": ""formula-10"", ""content"": ""x=`\\log`{=tex}\\_3(21).""}, {""record_type"": ""formula"", ""label"": ""formula-11"", ""content"": ""x=`\\frac{\\ln(21)}{\\ln(3)}`{=tex}.""}, {""record_type"": ""formula"", ""label"": ""formula-12"", ""content"": ""`\\boxed{x\\approx2.77}`{=tex}.""}, {""record_type"": ""formula"", ""label"": ""formula-13"", ""content"": ""5^{2x+1}=6^{x-2}.""}, {""record_type"": ""formula"", ""label"": ""formula-14"", ""content"": ""`\\ln`{=tex}(5\\^{2x+1}) = `\\ln`{=tex}(6\\^{x-2}).""}, {""record_type"": ""formula"", ""label"": ""formula-15"", ""content"": ""(2x+1)`\\ln`{=tex}(5) = (x-2)`\\ln`{=tex}(6).""}, {""record_type"": ""formula"", ""label"": ""formula-16"", ""content"": ""2`\\ln`{=tex}(5)x+`\\ln`{=tex}(5) = `\\ln`{=tex}(6)x-2`\\ln`{=tex}(6).""}, {""record_type"": ""formula"", ""label"": ""formula-17"", ""content"": ""2`\\ln`{=tex}(5)x-`\\ln`{=tex}(6)x = -2`\\ln`{=tex}(6)-`\\ln`{=tex}(5).""}, {""record_type"": ""formula"", ""label"": ""formula-18"", ""content"": ""x(2`\\ln`{=tex}(5)-`\\ln`{=tex}(6)) = -2`\\ln`{=tex}(6)-`\\ln`{=tex}(5).""}, {""record_type"": ""formula"", ""label"": ""formula-19"", ""content"": ""`\\boxed{\nx=\n\\frac{-2\\ln(6)-\\ln(5)}\n{2\\ln(5)-\\ln(6)}\n}`{=tex}.""}, {""record_type"": ""formula"", ""label"": ""formula-20"", ""content"": ""`\\boxed{x\\approx-3.64}`{=tex}.""}, {""record_type"": ""formula"", ""label"": ""formula-21"", ""content"": ""`\\frac{5^x-5^{-x}}{2}`{=tex}=3.""}, {""record_type"": ""formula"", ""label"": ""formula-22"", ""content"": ""5^x-5^{-x}=6.""}, {""record_type"": ""formula"", ""label"": ""formula-23"", ""content"": ""u=5\\^x.""}, {""record_type"": ""formula"", ""label"": ""formula-24"", ""content"": ""5\\^{-x}=`\\frac1{5^x}`{=tex}=`\\frac`{=tex}1u,""}, {""record_type"": ""formula"", ""label"": ""formula-25"", ""content"": ""u-`\\frac`{=tex}1u=6.""}, {""record_type"": ""formula"", ""label"": ""formula-26"", ""content"": ""u\\^2-1=6u.""}, {""record_type"": ""formula"", ""label"": ""formula-27"", ""content"": ""u\\^2-6u-1=0.""}, {""record_type"": ""formula"", ""label"": ""formula-28"", ""content"": ""u= `\\frac{6\\pm\\sqrt{36+4}}`{=tex}2""}, {""record_type"": ""formula"", ""label"": ""formula-29"", ""content"": ""`\\frac{6\\pm\\sqrt{40}}`{=tex}2""}, {""record_type"": ""formula"", ""label"": ""formula-30"", ""content"": ""3`\\pm`{=tex}`\\sqrt{10}`{=tex}.""}, {""record_type"": ""formula"", ""label"": ""formula-31"", ""content"": ""u=5\\^x\\>0,""}, {""record_type"": ""formula"", ""label"": ""formula-32"", ""content"": ""5\\^x=3+`\\sqrt{10}`{=tex}`\\approx6.16`{=tex}.""}, {""record_type"": ""formula"", ""label"": ""formula-33"", ""content"": ""x`\\ln`{=tex}(5)=`\\ln`{=tex}(6.16).""}, {""record_type"": ""formula"", ""label"": ""formula-34"", ""content"": ""x`\\approx`{=tex}`\\frac{\\ln(6.16)}{\\ln(5)}`{=tex}.""}, {""record_type"": ""formula"", ""label"": ""formula-35"", ""content"": ""`\\boxed{x\\approx1.13}`{=tex}.""}, {""record_type"": ""topic"", ""label"": ""equations"", ""content"": ""equations""}, {""record_type"": ""topic"", ""label"": ""exponential equations"", ""content"": ""exponential equations""}, {""record_type"": ""topic"", ""label"": ""factoring"", ""content"": ""factoring""}, {""record_type"": ""topic"", ""label"": ""logarithmic equations"", ""content"": ""logarithmic equations""}, {""record_type"": ""topic"", ""label"": ""logarithms"", ""content"": ""logarithms""}, {""record_type"": ""topic"", ""label"": ""quadratic equations"", ""content"": ""quadratic equations""}]"
SRC-MD-2E2BD9A723B6,sources/lectures/Completing_the_Square.md,lecture,cumulative,Completing the Square,"[""completing the square"", ""equations"", ""factoring"", ""polynomials"", ""quadratic equations""]",3,0,38,3585,2e2bd9a723b68bd1f7bdf77fde27560e593a2d8e40353d753277e7d1fce45ab7,complete,"[{""record_type"": ""example"", ""label"": ""Example 1 --- Write (3x\\^2-15x+20) in Completed-Square Form"", ""content"": """"}, {""record_type"": ""example"", ""label"": ""Example 2 --- Write (-x\\^2-6x+1) in Completed-Square Form"", ""content"": """"}, {""record_type"": ""question"", ""label"": ""question-1"", ""content"": ""3`\\left`{=tex}(x\\^2-5x+`\\frac{25}{4}`{=tex}`\\right`{=tex})+d \\]""}, {""record_type"": ""question"", ""label"": ""question-2"", ""content"": ""3\\left(x-\\frac52\\right)^2+\\frac54""}, {""record_type"": ""question"", ""label"": ""question-3"", ""content"": ""3`\\left`{=tex}(x-`\\frac52`{=tex}`\\right`{=tex})\\^2+`\\frac54`{=tex}. \\]""}, {""record_type"": ""formula"", ""label"": ""formula-1"", ""content"": ""ax\\^2+bx+c""}, {""record_type"": ""formula"", ""label"": ""formula-2"", ""content"": ""`\\boxed{\na\\left(x+\\frac{b}{2a}\\right)^2+c-\\frac{b^2}{4a}\n}`{=tex}""}, {""record_type"": ""formula"", ""label"": ""formula-3"", ""content"": ""a(x-h)\\^2+k,""}, {""record_type"": ""formula"", ""label"": ""formula-4"", ""content"": ""3x\\^2-15x+20 = 3(x\\^2-5x)+20.""}, {""record_type"": ""formula"", ""label"": ""formula-5"", ""content"": ""-`\\frac52`{=tex}.""}, {""record_type"": ""formula"", ""label"": ""formula-6"", ""content"": ""`\\left`{=tex}(x-`\\frac52`{=tex}`\\right`{=tex})\\^2.""}, {""record_type"": ""formula"", ""label"": ""formula-7"", ""content"": ""3x\\^2-15x+20 = 3`\\left`{=tex}(x-`\\frac52`{=tex}`\\right`{=tex})\\^2+d.""}, {""record_type"": ""formula"", ""label"": ""formula-8"", ""content"": ""(a+b)^2=a^2+2ab+b\\^2.""}, {""record_type"": ""formula"", ""label"": ""formula-9"", ""content"": ""3x\\^2-15x+20 = 3`\\left`{=tex}(x-`\\frac52`{=tex}`\\right`{=tex})\\^2+d""}, {""record_type"": ""formula"", ""label"": ""formula-10"", ""content"": ""3`\\left`{=tex}(x\\^2-5x+`\\frac{25}{4}`{=tex}`\\right`{=tex})+d""}, {""record_type"": ""formula"", ""label"": ""formula-11"", ""content"": ""3x\\^2-15x+`\\frac{75}{4}`{=tex}+d.""}, {""record_type"": ""formula"", ""label"": ""formula-12"", ""content"": ""20=`\\frac{75}{4}`{=tex}+d""}, {""record_type"": ""formula"", ""label"": ""formula-13"", ""content"": ""`\\boxed{d=\\frac54}`{=tex}.""}, {""record_type"": ""formula"", ""label"": ""formula-14"", ""content"": ""`\\boxed{\n3x^2-15x+20\n=\n3\\left(x-\\frac52\\right)^2+\\frac54\n}`{=tex}""}, {""record_type"": ""formula"", ""label"": ""formula-15"", ""content"": ""3x\\^2-15x+20=0.""}, {""record_type"": ""formula"", ""label"": ""formula-16"", ""content"": ""3x\\^2-15x+20 =\n3`\\left`{=tex}(x-`\\frac52`{=tex}`\\right`{=tex})\\^2+`\\frac54`{=tex}.""}, {""record_type"": ""formula"", ""label"": ""formula-17"", ""content"": ""3`\\left`{=tex}(x-`\\frac52`{=tex}`\\right`{=tex})\\^2+`\\frac54`{=tex}=0""}, {""record_type"": ""formula"", ""label"": ""formula-18"", ""content"": ""3`\\left`{=tex}(x-`\\frac52`{=tex}`\\right`{=tex})\\^2=-`\\frac54`{=tex}""}, {""record_type"": ""formula"", ""label"": ""formula-19"", ""content"": ""`\\left`{=tex}(x-`\\frac52`{=tex}`\\right`{=tex})\\^2=-`\\frac5{12}`{=tex}""}, {""record_type"": ""formula"", ""label"": ""formula-20"", ""content"": ""x-`\\frac52`{=tex} = `\\pm`{=tex}`\\sqrt{-\\frac5{12}}`{=tex}""}, {""record_type"": ""formula"", ""label"": ""formula-21"", ""content"": ""`\\pm `{=tex}i`\\sqrt{\\frac5{12}}`{=tex}.""}, {""record_type"": ""formula"", ""label"": ""formula-22"", ""content"": ""`\\boxed{\nx=\\frac52\\pm i\\sqrt{\\frac5{12}}\n}`{=tex}""}, {""record_type"": ""formula"", ""label"": ""formula-23"", ""content"": ""`\\boxed{\nx=\\frac52\\pm\\frac{i}{2}\\sqrt{\\frac53}\n}`{=tex}.""}, {""record_type"": ""formula"", ""label"": ""formula-24"", ""content"": ""-x\\^2-6x+1 = -1(x\\^2+6x)+1.""}, {""record_type"": ""formula"", ""label"": ""formula-25"", ""content"": ""3.""}, {""record_type"": ""formula"", ""label"": ""formula-26"", ""content"": ""-x\\^2-6x+1 = -1(x+3)\\^2+d.""}, {""record_type"": ""formula"", ""label"": ""formula-27"", ""content"": ""-x\\^2-6x+1 = -1(x+3)\\^2+d""}, {""record_type"": ""formula"", ""label"": ""formula-28"", ""content"": ""-1(x\\^2+6x+9)+d""}, {""record_type"": ""formula"", ""label"": ""formula-29"", ""content"": ""-x\\^2-6x-9+d.""}, {""record_type"": ""formula"", ""label"": ""formula-30"", ""content"": ""1=-9+d""}, {""record_type"": ""formula"", ""label"": ""formula-31"", ""content"": ""`\\boxed{d=10}`{=tex}.""}, {""record_type"": ""formula"", ""label"": ""formula-32"", ""content"": ""`\\boxed{\n-x^2-6x+1\n=\n-(x+3)^2+10\n}`{=tex}""}, {""record_type"": ""formula"", ""label"": ""formula-33"", ""content"": ""-x\\^2-6x+1=0.""}, {""record_type"": ""formula"", ""label"": ""formula-34"", ""content"": ""-(x+3)\\^2+10=0""}, {""record_type"": ""formula"", ""label"": ""formula-35"", ""content"": ""-(x+3)\\^2=-10""}, {""record_type"": ""formula"", ""label"": ""formula-36"", ""content"": ""(x+3)\\^2=10""}, {""record_type"": ""formula"", ""label"": ""formula-37"", ""content"": ""x+3=`\\pm`{=tex}`\\sqrt{10}`{=tex}""}, {""record_type"": ""formula"", ""label"": ""formula-38"", ""content"": ""`\\boxed{x=-3\\pm\\sqrt{10}}`{=tex}.""}, {""record_type"": ""topic"", ""label"": ""completing the square"", ""content"": ""completing the square""}, {""record_type"": ""topic"", ""label"": ""equations"", ""content"": ""equations""}, {""record_type"": ""topic"", ""label"": ""factoring"", ""content"": ""factoring""}, {""record_type"": ""topic"", ""label"": ""polynomials"", ""content"": ""polynomials""}, {""record_type"": ""topic"", ""label"": ""quadratic equations"", ""content"": ""quadratic equations""}]"
SRC-MD-79665AEE4C94,sources/quizzes/Quiz_1.md,quiz,cumulative,Quiz 1,"[""factoring""]",4,0,5,604,79665aee4c94ca0df2623317fffc1b53ad24bb4859d8da4f501ffa90109dce4f,complete,"[{""record_type"": ""question"", ""label"": ""Q.1 --- 5 points"", ""content"": ""Simplify:\n\n\\[ `\\boxed{\\sqrt[3]{3a^2b^3}\\cdot\\sqrt[3]{6a^5b}}`{=tex} \\]""}, {""record_type"": ""question"", ""label"": ""Q.2 --- 5 points"", ""content"": ""Simplify:\n\n\\[ `\\boxed{\n\\left[\\frac{x-2y}{5z+1}\\right]\n\\div\n\\left[\\frac{3x-6y}{-z-(2+9z)}\\right]\n}`{=tex} \\]""}, {""record_type"": ""question"", ""label"": ""Q.3 --- 5 points"", ""content"": ""Fully factor:\n\n\\[ `\\boxed{x^2y+3x^2-4y-12}`{=tex} \\]""}, {""record_type"": ""question"", ""label"": ""Q.4 --- 5 points"", ""content"": ""Fully factor:\n\n\\[ `\\boxed{-3x^2-4x+15}`{=tex} \\]""}, {""record_type"": ""formula"", ""label"": ""formula-1"", ""content"": ""`\\boxed{\\sqrt[3]{3a^2b^3}\\cdot\\sqrt[3]{6a^5b}}`{=tex}""}, {""record_type"": ""formula"", ""label"": ""formula-2"", ""content"": ""`\\boxed{\n\\left[\\frac{x-2y}{5z+1}\\right]\n\\div\n\\left[\\frac{3x-6y}{-z-(2+9z)}\\right]\n}`{=tex}""}, {""record_type"": ""formula"", ""label"": ""formula-3"", ""content"": ""`\\boxed{x^2y+3x^2-4y-12}`{=tex}""}, {""record_type"": ""formula"", ""label"": ""formula-4"", ""content"": ""`\\boxed{-3x^2-4x+15}`{=tex}""}, {""record_type"": ""formula"", ""label"": ""formula-5"", ""content"": ""`\\boxed{\n\\frac{\\sqrt[3]{a^6}\\,b^{-3}}\n{\\sqrt{a^2}\\,c^8}\n}`{=tex}""}, {""record_type"": ""topic"", ""label"": ""factoring"", ""content"": ""factoring""}]"
SRC-MD-F1C0647E867F,sources/quizzes/Quiz_1_Solution.md,quiz_solution,cumulative,Quiz 1 --- Solution,"[""factoring"", ""radicals""]",4,4,21,1349,f1c0647e867fed790d32e5e8879c044f172a8ba99c745b76537df36fd82b9508,complete,"[{""record_type"": ""question"", ""label"": ""Q.1"", ""content"": ""Simplify:\n\n\\[ `\\sqrt[3]{3a^2b^3}`{=tex}`\\cdot`{=tex}`\\sqrt[3]{6a^5b}`{=tex} \\]\n\nCombine the radicals:\n\n\\[ `\\sqrt[3]{3a^2b^3\\cdot6a^5b}`{=tex} = `\\sqrt[3]{18a^7b^4}`{=tex}. \\]\n\nPull out complete cubes:\n\n\\[ a^7=a^6a,`\\qquad `{=tex}b^4=b^3b. \\]\n\nTherefore\n\n\\[ `\\boxed{a^2b\\sqrt[3]{18ab}}`{=tex}. \\]\n\n> The parsed solution text appears to lose some superscripts during\n> extraction. The expression above follows the mathematical\n> simplification of the printed quiz expression.""}, {""record_type"": ""question"", ""label"": ""Q.2"", ""content"": ""\\[ `\\left[\\frac{x-2y}{5z+1}\\right]`{=tex}`\\div`{=tex}\n`\\left[\\frac{3x-6y}{-z-(2+9z)}\\right]`{=tex}\\]\n\nFirst,\n\n\\[ -z-(2+9z)=-10z-2. \\]\n\nConvert division to multiplication:\n\n\\[ `\\frac{x-2y}{5z+1}`{=tex} `\\cdot`{=tex} `\\frac{-10z-2}{3x-6y}`{=tex}.\n\\]\n\nFactor:\n\n\\[ -10z-2=-2(5z+1) \\]\n\nand\n\n\\[ 3x-6y=3(x-2y). \\]\n\nCancel common factors:\n\n\\[ `\\boxed{-\\frac23}`{=tex}. \\]""}, {""record_type"": ""question"", ""label"": ""Q.3"", ""content"": ""\\[ x^2y+3x^2-4y-12 \\]\n\nGroup:\n\n\\[ x\\^2(y+3)-4(y+3). \\]\n\nFactor:\n\n\\[ (x\\^2-4)(y+3). \\]\n\nUse the difference of squares:\n\n\\[ `\\boxed{(x-2)(x+2)(y+3)}`{=tex}. \\]""}, {""record_type"": ""question"", ""label"": ""Q.4"", ""content"": ""\\[ -3x\\^2-4x+15. \\]\n\nHere\n\n\\[ a=-3,`\\qquad `{=tex}b=-4,`\\qquad `{=tex}c=15 \\]\n\nso\n\n\\[ ac=-45. \\]\n\nUse\n\n\\[ -9+5=-4,`\\qquad `{=tex}(-9)(5)=-45. \\]\n\nSplit the middle term:\n\n\\[ -3x\\^2-9x+5x+15. \\]\n\nGroup:\n\n\\[ -3x(x+3)+5(x+3). \\]\n\nTherefore\n\n\\[ `\\boxed{(-3x+5)(x+3)}`{=tex}. \\]""}, {""record_type"": ""formula"", ""label"": ""formula-1"", ""content"": ""`\\sqrt[3]{3a^2b^3}`{=tex}`\\cdot`{=tex}`\\sqrt[3]{6a^5b}`{=tex}""}, {""record_type"": ""formula"", ""label"": ""formula-2"", ""content"": ""`\\sqrt[3]{3a^2b^3\\cdot6a^5b}`{=tex} = `\\sqrt[3]{18a^7b^4}`{=tex}.""}, {""record_type"": ""formula"", ""label"": ""formula-3"", ""content"": ""a^7=a^6a,`\\qquad `{=tex}b^4=b^3b.""}, {""record_type"": ""formula"", ""label"": ""formula-4"", ""content"": ""`\\boxed{a^2b\\sqrt[3]{18ab}}`{=tex}.""}, {""record_type"": ""formula"", ""label"": ""formula-5"", ""content"": ""`\\left[\\frac{x-2y}{5z+1}\\right]`{=tex}`\\div`{=tex}\n`\\left[\\frac{3x-6y}{-z-(2+9z)}\\right]`{=tex}""}, {""record_type"": ""formula"", ""label"": ""formula-6"", ""content"": ""-z-(2+9z)=-10z-2.""}, {""record_type"": ""formula"", ""label"": ""formula-7"", ""content"": ""`\\frac{x-2y}{5z+1}`{=tex} `\\cdot`{=tex} `\\frac{-10z-2}{3x-6y}`{=tex}.""}, {""record_type"": ""formula"", ""label"": ""formula-8"", ""content"": ""-10z-2=-2(5z+1)""}, {""record_type"": ""formula"", ""label"": ""formula-9"", ""content"": ""3x-6y=3(x-2y).""}, {""record_type"": ""formula"", ""label"": ""formula-10"", ""content"": ""`\\boxed{-\\frac23}`{=tex}.""}, {""record_type"": ""formula"", ""label"": ""formula-11"", ""content"": ""x^2y+3x^2-4y-12""}, {""record_type"": ""formula"", ""label"": ""formula-12"", ""content"": ""x\\^2(y+3)-4(y+3).""}, {""record_type"": ""formula"", ""label"": ""formula-13"", ""content"": ""(x\\^2-4)(y+3).""}, {""record_type"": ""formula"", ""label"": ""formula-14"", ""content"": ""`\\boxed{(x-2)(x+2)(y+3)}`{=tex}.""}, {""record_type"": ""formula"", ""label"": ""formula-15"", ""content"": ""-3x\\^2-4x+15.""}, {""record_type"": ""formula"", ""label"": ""formula-16"", ""content"": ""a=-3,`\\qquad `{=tex}b=-4,`\\qquad `{=tex}c=15""}, {""record_type"": ""formula"", ""label"": ""formula-17"", ""content"": ""ac=-45.""}, {""record_type"": ""formula"", ""label"": ""formula-18"", ""content"": ""-9+5=-4,`\\qquad `{=tex}(-9)(5)=-45.""}, {""record_type"": ""formula"", ""label"": ""formula-19"", ""content"": ""-3x\\^2-9x+5x+15.""}, {""record_type"": ""formula"", ""label"": ""formula-20"", ""content"": ""-3x(x+3)+5(x+3).""}, {""record_type"": ""formula"", ""label"": ""formula-21"", ""content"": ""`\\boxed{(-3x+5)(x+3)}`{=tex}.""}, {""record_type"": ""topic"", ""label"": ""factoring"", ""content"": ""factoring""}, {""record_type"": ""topic"", ""label"": ""radicals"", ""content"": ""radicals""}, {""record_type"": ""solution"", ""label"": ""Q.1"", ""content"": ""Simplify:\n\n\\[ `\\sqrt[3]{3a^2b^3}`{=tex}`\\cdot`{=tex}`\\sqrt[3]{6a^5b}`{=tex} \\]\n\nCombine the radicals:\n\n\\[ `\\sqrt[3]{3a^2b^3\\cdot6a^5b}`{=tex} = `\\sqrt[3]{18a^7b^4}`{=tex}. \\]\n\nPull out complete cubes:\n\n\\[ a^7=a^6a,`\\qquad `{=tex}b^4=b^3b. \\]\n\nTherefore\n\n\\[ `\\boxed{a^2b\\sqrt[3]{18ab}}`{=tex}. \\]\n\n> The parsed solution text appears to lose some superscripts during\n> extraction. The expression above follows the mathematical\n> simplification of the printed quiz expression.""}, {""record_type"": ""solution"", ""label"": ""Q.2"", ""content"": ""\\[ `\\left[\\frac{x-2y}{5z+1}\\right]`{=tex}`\\div`{=tex}\n`\\left[\\frac{3x-6y}{-z-(2+9z)}\\right]`{=tex}\\]\n\nFirst,\n\n\\[ -z-(2+9z)=-10z-2. \\]\n\nConvert division to multiplication:\n\n\\[ `\\frac{x-2y}{5z+1}`{=tex} `\\cdot`{=tex} `\\frac{-10z-2}{3x-6y}`{=tex}.\n\\]\n\nFactor:\n\n\\[ -10z-2=-2(5z+1) \\]\n\nand\n\n\\[ 3x-6y=3(x-2y). \\]\n\nCancel common factors:\n\n\\[ `\\boxed{-\\frac23}`{=tex}. \\]""}, {""record_type"": ""solution"", ""label"": ""Q.3"", ""content"": ""\\[ x^2y+3x^2-4y-12 \\]\n\nGroup:\n\n\\[ x\\^2(y+3)-4(y+3). \\]\n\nFactor:\n\n\\[ (x\\^2-4)(y+3). \\]\n\nUse the difference of squares:\n\n\\[ `\\boxed{(x-2)(x+2)(y+3)}`{=tex}. \\]""}, {""record_type"": ""solution"", ""label"": ""Q.4"", ""content"": ""\\[ -3x\\^2-4x+15. \\]\n\nHere\n\n\\[ a=-3,`\\qquad `{=tex}b=-4,`\\qquad `{=tex}c=15 \\]\n\nso\n\n\\[ ac=-45. \\]\n\nUse\n\n\\[ -9+5=-4,`\\qquad `{=tex}(-9)(5)=-45. \\]\n\nSplit the middle term:\n\n\\[ -3x\\^2-9x+5x+15. \\]\n\nGroup:\n\n\\[ -3x(x+3)+5(x+3). \\]\n\nTherefore\n\n\\[ `\\boxed{(-3x+5)(x+3)}`{=tex}. \\]""}]"
SRC-MD-3AC31D8F5269,sources/quizzes/Quiz_2.md,quiz,cumulative,Quiz 2,"[""factoring""]",4,0,6,748,3ac31d8f5269101b87823340d850680d7f47d50b97feca07ec4e8c48e3172ab8,complete,"[{""record_type"": ""question"", ""label"": ""Q.1 --- 5 points"", ""content"": ""Simplify, where (a) and (b) can be any real numbers:\n\n\\[ `\\boxed{\n\\frac{\\sqrt{a^4b^6}}\n{\\sqrt{a^{12}b^8}}\n}`{=tex} \\]""}, {""record_type"": ""question"", ""label"": ""Q.2 --- 5 points"", ""content"": ""Fully factor:\n\n\\[ x^2-y^2-6x-9. \\]\n\n**Source correction:** The quiz explicitly states:\n\n> TYPO IN QUESTION --- should have been\n\n\\[ `\\boxed{x^2-y^2-6y-9}`{=tex} \\]\n\nand the question was cancelled.""}, {""record_type"": ""question"", ""label"": ""Q.3 --- 5 points"", ""content"": ""Simplify:\n\n\\[ `\\boxed{\n\\frac{x^3-2x^2}\n{x^2-3x-10}\n}`{=tex} \\]""}, {""record_type"": ""question"", ""label"": ""Q.4 --- 5 points"", ""content"": ""Simplify:\n\n\\[ `\\boxed{\n\\frac1{x+1}\n-\n\\frac1{x+2}\n+\n\\frac3{(x+1)(x+2)}\n}`{=tex} \\]""}, {""record_type"": ""formula"", ""label"": ""formula-1"", ""content"": ""`\\boxed{\n\\frac{\\sqrt{a^4b^6}}\n{\\sqrt{a^{12}b^8}}\n}`{=tex}""}, {""record_type"": ""formula"", ""label"": ""formula-2"", ""content"": ""x^2-y^2-6x-9.""}, {""record_type"": ""formula"", ""label"": ""formula-3"", ""content"": ""`\\boxed{x^2-y^2-6y-9}`{=tex}""}, {""record_type"": ""formula"", ""label"": ""formula-4"", ""content"": ""`\\boxed{\n\\frac{x^3-2x^2}\n{x^2-3x-10}\n}`{=tex}""}, {""record_type"": ""formula"", ""label"": ""formula-5"", ""content"": ""`\\boxed{\n\\frac1{x+1}\n-\n\\frac1{x+2}\n+\n\\frac3{(x+1)(x+2)}\n}`{=tex}""}, {""record_type"": ""formula"", ""label"": ""formula-6"", ""content"": ""`\\boxed{\n\\frac1{\\sqrt[3]{a}-\\sqrt[3]{b}}\n}`{=tex}""}, {""record_type"": ""topic"", ""label"": ""factoring"", ""content"": ""factoring""}]"
SRC-MD-AA2A996EBF65,sources/quizzes/Quiz_2_Solution.md,quiz_solution,cumulative,Quiz 2 --- Solution,"[""absolute value"", ""completing the square"", ""factoring"", ""radicals""]",4,4,27,1783,aa2a996ebf658f9cc92fb3a8d847734915ec0ad12a513c0758e84f7270458524,complete,"[{""record_type"": ""question"", ""label"": ""Q.1"", ""content"": ""\\[ `\\frac{\\sqrt{a^4b^6}}`{=tex} {`\\sqrt{a^{12}b^8}`{=tex}} \\]\n\nCombine the radicals:\n\n\\[ `\\sqrt{a^{4-12}b^{6-8}}`{=tex} = `\\sqrt{a^{-8}b^{-2}}`{=tex}. \\]\n\nBecause this is an even root, absolute value is required:\n\n\\[ `\\boxed{|a^{-4}b^{-1}|}`{=tex}. \\]\n\nEquivalent forms given in the source include\n\n\\[ `\\boxed{a^{-4}|b^{-1}|}`{=tex} \\]\n\nand\n\n\\[ `\\boxed{\\frac1{a^4|b|}}`{=tex}. \\]""}, {""record_type"": ""question"", ""label"": ""Q.2"", ""content"": ""The printed question\n\n\\[ x^2-y^2-6x-9 \\]\n\ncontains a typo and was cancelled.\n\nThe intended question was\n\n\\[ x^2-y^2-6y-9. \\]\n\nComplete the square in (y):\n\n\\[ x^2-(y^2+6y+9) \\]\n\n\\[ =x^2-(y+3)^2. \\]\n\nDifference of squares:\n\n\\[ `\\boxed{(x-y-3)(x+y+3)}`{=tex}. \\]""}, {""record_type"": ""question"", ""label"": ""Q.3"", ""content"": ""\\[ `\\frac{x^3-2x^2}`{=tex} {x\\^2-3x-10}. \\]\n\nFactor the numerator:\n\n\\[ x^3-2x^2=x\\^2(x-2). \\]\n\nFactor the denominator:\n\n\\[ x\\^2-3x-10 = x\\^2-5x+2x-10 \\]\n\n\\[ =x(x-5)+2(x-5) \\]\n\n\\[ =(x+2)(x-5). \\]\n\nThus\n\n\\[ `\\boxed{\n\\frac{x^2(x-2)}\n{(x+2)(x-5)}\n}`{=tex} \\]\n\nwith no common factor to cancel.""}, {""record_type"": ""question"", ""label"": ""Q.4"", ""content"": ""\\[ `\\frac1{x+1}`{=tex} - `\\frac1{x+2}`{=tex} +\n`\\frac3{(x+1)(x+2)}`{=tex}. \\]\n\nLCD:\n\n\\[ (x+1)(x+2). \\]\n\nRewrite:\n\n\\[ `\\frac{x+2}{(x+1)(x+2)}`{=tex} - `\\frac{x+1}{(x+1)(x+2)}`{=tex} +\n`\\frac3{(x+1)(x+2)}`{=tex}. \\]\n\nCombine:\n\n\\[ `\\frac{x+2-(x+1)+3}`{=tex} {(x+1)(x+2)} \\]""}, {""record_type"": ""formula"", ""label"": ""formula-1"", ""content"": ""`\\frac{\\sqrt{a^4b^6}}`{=tex} {`\\sqrt{a^{12}b^8}`{=tex}}""}, {""record_type"": ""formula"", ""label"": ""formula-2"", ""content"": ""`\\sqrt{a^{4-12}b^{6-8}}`{=tex} = `\\sqrt{a^{-8}b^{-2}}`{=tex}.""}, {""record_type"": ""formula"", ""label"": ""formula-3"", ""content"": ""`\\boxed{|a^{-4}b^{-1}|}`{=tex}.""}, {""record_type"": ""formula"", ""label"": ""formula-4"", ""content"": ""`\\boxed{a^{-4}|b^{-1}|}`{=tex}""}, {""record_type"": ""formula"", ""label"": ""formula-5"", ""content"": ""`\\boxed{\\frac1{a^4|b|}}`{=tex}.""}, {""record_type"": ""formula"", ""label"": ""formula-6"", ""content"": ""x^2-y^2-6x-9""}, {""record_type"": ""formula"", ""label"": ""formula-7"", ""content"": ""x^2-y^2-6y-9.""}, {""record_type"": ""formula"", ""label"": ""formula-8"", ""content"": ""x^2-(y^2+6y+9)""}, {""record_type"": ""formula"", ""label"": ""formula-9"", ""content"": ""=x^2-(y+3)^2.""}, {""record_type"": ""formula"", ""label"": ""formula-10"", ""content"": ""`\\boxed{(x-y-3)(x+y+3)}`{=tex}.""}, {""record_type"": ""formula"", ""label"": ""formula-11"", ""content"": ""`\\frac{x^3-2x^2}`{=tex} {x\\^2-3x-10}.""}, {""record_type"": ""formula"", ""label"": ""formula-12"", ""content"": ""x^3-2x^2=x\\^2(x-2).""}, {""record_type"": ""formula"", ""label"": ""formula-13"", ""content"": ""x\\^2-3x-10 = x\\^2-5x+2x-10""}, {""record_type"": ""formula"", ""label"": ""formula-14"", ""content"": ""=x(x-5)+2(x-5)""}, {""record_type"": ""formula"", ""label"": ""formula-15"", ""content"": ""=(x+2)(x-5).""}, {""record_type"": ""formula"", ""label"": ""formula-16"", ""content"": ""`\\boxed{\n\\frac{x^2(x-2)}\n{(x+2)(x-5)}\n}`{=tex}""}, {""record_type"": ""formula"", ""label"": ""formula-17"", ""content"": ""`\\frac1{x+1}`{=tex} - `\\frac1{x+2}`{=tex} +\n`\\frac3{(x+1)(x+2)}`{=tex}.""}, {""record_type"": ""formula"", ""label"": ""formula-18"", ""content"": ""(x+1)(x+2).""}, {""record_type"": ""formula"", ""label"": ""formula-19"", ""content"": ""`\\frac{x+2}{(x+1)(x+2)}`{=tex} - `\\frac{x+1}{(x+1)(x+2)}`{=tex} +\n`\\frac3{(x+1)(x+2)}`{=tex}.""}, {""record_type"": ""formula"", ""label"": ""formula-20"", ""content"": ""`\\frac{x+2-(x+1)+3}`{=tex} {(x+1)(x+2)}""}, {""record_type"": ""formula"", ""label"": ""formula-21"", ""content"": ""`\\boxed{\n\\frac4{(x+1)(x+2)}\n}`{=tex}.""}, {""record_type"": ""formula"", ""label"": ""formula-22"", ""content"": ""`\\frac1{\\sqrt[3]{a}-\\sqrt[3]{b}}`{=tex}.""}, {""record_type"": ""formula"", ""label"": ""formula-23"", ""content"": ""u^3-v^3=(u-v)(u^2+uv+v^2).""}, {""record_type"": ""formula"", ""label"": ""formula-24"", ""content"": ""u=`\\sqrt[3]{a}`{=tex}, `\\qquad`{=tex} v=`\\sqrt[3]{b}`{=tex}.""}, {""record_type"": ""formula"", ""label"": ""formula-25"", ""content"": ""`\\sqrt[3]{a^2}`{=tex} + `\\sqrt[3]{ab}`{=tex} + `\\sqrt[3]{b^2}`{=tex}.""}, {""record_type"": ""formula"", ""label"": ""formula-26"", ""content"": ""a-b.""}, {""record_type"": ""formula"", ""label"": ""formula-27"", ""content"": ""`\\boxed{\n\\frac{\n\\sqrt[3]{a^2}+\\sqrt[3]{ab}+\\sqrt[3]{b^2}\n}{a-b}\n}`{=tex}.""}, {""record_type"": ""topic"", ""label"": ""absolute value"", ""content"": ""absolute value""}, {""record_type"": ""topic"", ""label"": ""completing the square"", ""content"": ""completing the square""}, {""record_type"": ""topic"", ""label"": ""factoring"", ""content"": ""factoring""}, {""record_type"": ""topic"", ""label"": ""radicals"", ""content"": ""radicals""}, {""record_type"": ""solution"", ""label"": ""Q.1"", ""content"": ""\\[ `\\frac{\\sqrt{a^4b^6}}`{=tex} {`\\sqrt{a^{12}b^8}`{=tex}} \\]\n\nCombine the radicals:\n\n\\[ `\\sqrt{a^{4-12}b^{6-8}}`{=tex} = `\\sqrt{a^{-8}b^{-2}}`{=tex}. \\]\n\nBecause this is an even root, absolute value is required:\n\n\\[ `\\boxed{|a^{-4}b^{-1}|}`{=tex}. \\]\n\nEquivalent forms given in the source include\n\n\\[ `\\boxed{a^{-4}|b^{-1}|}`{=tex} \\]\n\nand\n\n\\[ `\\boxed{\\frac1{a^4|b|}}`{=tex}. \\]""}, {""record_type"": ""solution"", ""label"": ""Q.2"", ""content"": ""The printed question\n\n\\[ x^2-y^2-6x-9 \\]\n\ncontains a typo and was cancelled.\n\nThe intended question was\n\n\\[ x^2-y^2-6y-9. \\]\n\nComplete the square in (y):\n\n\\[ x^2-(y^2+6y+9) \\]\n\n\\[ =x^2-(y+3)^2. \\]\n\nDifference of squares:\n\n\\[ `\\boxed{(x-y-3)(x+y+3)}`{=tex}. \\]""}, {""record_type"": ""solution"", ""label"": ""Q.3"", ""content"": ""\\[ `\\frac{x^3-2x^2}`{=tex} {x\\^2-3x-10}. \\]\n\nFactor the numerator:\n\n\\[ x^3-2x^2=x\\^2(x-2). \\]\n\nFactor the denominator:\n\n\\[ x\\^2-3x-10 = x\\^2-5x+2x-10 \\]\n\n\\[ =x(x-5)+2(x-5) \\]\n\n\\[ =(x+2)(x-5). \\]\n\nThus\n\n\\[ `\\boxed{\n\\frac{x^2(x-2)}\n{(x+2)(x-5)}\n}`{=tex} \\]\n\nwith no common factor to cancel.""}, {""record_type"": ""solution"", ""label"": ""Q.4"", ""content"": ""\\[ `\\frac1{x+1}`{=tex} - `\\frac1{x+2}`{=tex} +\n`\\frac3{(x+1)(x+2)}`{=tex}. \\]\n\nLCD:\n\n\\[ (x+1)(x+2). \\]\n\nRewrite:\n\n\\[ `\\frac{x+2}{(x+1)(x+2)}`{=tex} - `\\frac{x+1}{(x+1)(x+2)}`{=tex} +\n`\\frac3{(x+1)(x+2)}`{=tex}. \\]\n\nCombine:\n\n\\[ `\\frac{x+2-(x+1)+3}`{=tex} {(x+1)(x+2)} \\]""}]"
SRC-MD-7B142D4F7209,sources/quizzes/Quiz_3.md,quiz,cumulative,Quiz 3,"[""functions""]",4,0,7,769,7b142d4f7209313c9671efcd42157b1b2d976db3e6ccd2af6a4ab734557b3786,complete,"[{""record_type"": ""question"", ""label"": ""Q.1"", ""content"": ""Express \\[ `\\boxed{4x^2+8x+5}`{=tex} \\] in completed-square form, i.e.\n\\[ a(x+b)\\^2+c, \\] where (a,b,c) are constants.""}, {""record_type"": ""question"", ""label"": ""Q.2"", ""content"": ""Two children own two-way radios with a maximum range of **2 miles**.\n\nOne leaves a certain point at **1:00 P.M.**, walking due north at \\[\n4`\\text{ mi/hr}`{=tex}. \\]\n\nThe other leaves the same point at **1:15 P.M.**, traveling due south at\n\\[ 6`\\text{ mi/hr}`{=tex}. \\]\n\nWhen will they be unable to communicate with one another?""}, {""record_type"": ""question"", ""label"": ""Q.3"", ""content"": ""Express \\[ `\\boxed{\\frac{3+5i}{1+i}}`{=tex} \\] as a single complex\nnumber of the form \\[ a+bi, \\] where (a,b) are real.""}, {""record_type"": ""question"", ""label"": ""Q.4"", ""content"": ""Find all real solutions to \\[ `\\boxed{2|5x+2|-1=5}`{=tex}. \\]""}, {""record_type"": ""formula"", ""label"": ""formula-1"", ""content"": ""`\\boxed{4x^2+8x+5}`{=tex}""}, {""record_type"": ""formula"", ""label"": ""formula-2"", ""content"": ""a(x+b)\\^2+c,""}, {""record_type"": ""formula"", ""label"": ""formula-3"", ""content"": ""4`\\text{ mi/hr}`{=tex}.""}, {""record_type"": ""formula"", ""label"": ""formula-4"", ""content"": ""6`\\text{ mi/hr}`{=tex}.""}, {""record_type"": ""formula"", ""label"": ""formula-5"", ""content"": ""`\\boxed{\\frac{3+5i}{1+i}}`{=tex}""}, {""record_type"": ""formula"", ""label"": ""formula-6"", ""content"": ""a+bi,""}, {""record_type"": ""formula"", ""label"": ""formula-7"", ""content"": ""`\\boxed{2|5x+2|-1=5}`{=tex}.""}, {""record_type"": ""topic"", ""label"": ""functions"", ""content"": ""functions""}]"
SRC-MD-585D57FADA6C,sources/quizzes/Quiz_3_Solution.md,quiz_solution,cumulative,Quiz 3 --- Solution,"[""absolute value"", ""completing the square"", ""factoring"", ""functions""]",4,4,35,2045,585d57fada6ca99f71a99d3834c6a0542d3bf8d3563b09d6c41dc25067765fa8,complete,"[{""record_type"": ""question"", ""label"": ""Q.1 --- Completing the Square"", ""content"": ""Express\n\n\\[ 4x\\^2+8x+5 \\]\n\nin completed-square form.\n\nFactor (4) from the (x)-terms:\n\n\\[ 4x\\^2+8x+5 = 4(x\\^2+2x)+5. \\]\n\nSince\n\n\\[ x^2+2x+1=(x+1)^2, \\]\n\nadd and subtract (1):\n\n\\[ 4(x\\^2+2x+1-1)+5. \\]\n\nThus\n\n\\[ 4((x+1)\\^2-1)+5 \\]\n\n\\[ =4(x+1)\\^2-4+5 \\]\n\n\\[ `\\boxed{4(x+1)^2+1}`{=tex}. \\]""}, {""record_type"": ""question"", ""label"": ""Q.2 --- Two-Way Radios"", ""content"": ""Two children have radios with a maximum range of\n\n\\[ 2`\\text{ miles}`{=tex}. \\]\n\nOne leaves at 1:00 P.M., walking north at\n\n\\[ 4`\\text{ mi/hr}`{=tex}. \\]\n\nThe other leaves the same point at 1:15 P.M., traveling south at\n\n\\[ 6`\\text{ mi/hr}`{=tex}. \\]\n\nThe first child has a 15-minute head start:\n\n\\[ 15`\\text{ min}`{=tex}=0.25`\\text{ hr}`{=tex}. \\]\n\nDistance covered during the head start:\n\n\\[ (4)(0.25)=1`\\text{ mile}`{=tex}. \\]\n\nLet (t) be the number of hours after 1:15 P.M.\n\nTheir separation is\n\n\\[ (4t+1)+6t=10t+1. \\]\n\nSet the separation equal to the radio range:\n\n\\[ 10t+1=2. \\]\n\nThen\n\n\\[ 10t=1 \\]\n\n\\[ t=0.1`\\text{ hr}`{=tex}. \\]\n\nConvert to minutes:\n\n\\[ 0.1(60)=6`\\text{ minutes}`{=tex}. \\]\n\nTherefore they reach maximum range at\n\n\\[ `\\boxed{1:21\\text{ P.M.}}`{=tex} \\]\n\nThe diagram on page 1 shows the first child north of the starting point\nwith the 1-mile head start, moving north at (4) mi/hr, while the second\nchild moves south at (6) mi/hr.""}, {""record_type"": ""question"", ""label"": ""Q.3 --- Complex Fraction"", ""content"": ""Express\n\n\\[ `\\frac{3+5i}{1+i}`{=tex} \\]\n\nas (a+bi).\n\nMultiply by the conjugate:\n\n\\[ `\\frac{3+5i}{1+i}`{=tex} `\\cdot`{=tex} `\\frac{1-i}{1-i}`{=tex}. \\]\n\nThen\n\n\\[ `\\frac{(3+5i)(1-i)}`{=tex} {(1+i)(1-i)} \\]""}, {""record_type"": ""question"", ""label"": ""Q.4 --- Absolute Value Equation"", ""content"": ""Solve\n\n\\[ 2\\|5x+2\\|-1=5. \\]\n\nAdd (1):\n\n\\[ 2\\|5x+2\\|=6. \\]\n\nDivide by (2):\n\n\\[ \\|5x+2\\|=3. \\]\n\nTherefore\n\n\\[ 5x+2=3 \\]\n\nor\n\n\\[ 5x+2=-3. \\]\n\nFirst case:\n\n\\[ 5x=1 \\]\n\n\\[ x=`\\frac15`{=tex}. \\]\n\nSecond case:\n\n\\[ 5x=-5 \\]\n\n\\[ x=-1. \\]\n\nThus\n\n\\[ `\\boxed{x=\\frac15\\text{ or }x=-1}`{=tex}. \\]""}, {""record_type"": ""formula"", ""label"": ""formula-1"", ""content"": ""4x\\^2+8x+5""}, {""record_type"": ""formula"", ""label"": ""formula-2"", ""content"": ""4x\\^2+8x+5 = 4(x\\^2+2x)+5.""}, {""record_type"": ""formula"", ""label"": ""formula-3"", ""content"": ""x^2+2x+1=(x+1)^2,""}, {""record_type"": ""formula"", ""label"": ""formula-4"", ""content"": ""4(x\\^2+2x+1-1)+5.""}, {""record_type"": ""formula"", ""label"": ""formula-5"", ""content"": ""4((x+1)\\^2-1)+5""}, {""record_type"": ""formula"", ""label"": ""formula-6"", ""content"": ""=4(x+1)\\^2-4+5""}, {""record_type"": ""formula"", ""label"": ""formula-7"", ""content"": ""`\\boxed{4(x+1)^2+1}`{=tex}.""}, {""record_type"": ""formula"", ""label"": ""formula-8"", ""content"": ""2`\\text{ miles}`{=tex}.""}, {""record_type"": ""formula"", ""label"": ""formula-9"", ""content"": ""4`\\text{ mi/hr}`{=tex}.""}, {""record_type"": ""formula"", ""label"": ""formula-10"", ""content"": ""6`\\text{ mi/hr}`{=tex}.""}, {""record_type"": ""formula"", ""label"": ""formula-11"", ""content"": ""15`\\text{ min}`{=tex}=0.25`\\text{ hr}`{=tex}.""}, {""record_type"": ""formula"", ""label"": ""formula-12"", ""content"": ""(4)(0.25)=1`\\text{ mile}`{=tex}.""}, {""record_type"": ""formula"", ""label"": ""formula-13"", ""content"": ""(4t+1)+6t=10t+1.""}, {""record_type"": ""formula"", ""label"": ""formula-14"", ""content"": ""10t+1=2.""}, {""record_type"": ""formula"", ""label"": ""formula-15"", ""content"": ""10t=1""}, {""record_type"": ""formula"", ""label"": ""formula-16"", ""content"": ""t=0.1`\\text{ hr}`{=tex}.""}, {""record_type"": ""formula"", ""label"": ""formula-17"", ""content"": ""0.1(60)=6`\\text{ minutes}`{=tex}.""}, {""record_type"": ""formula"", ""label"": ""formula-18"", ""content"": ""`\\boxed{1:21\\text{ P.M.}}`{=tex}""}, {""record_type"": ""formula"", ""label"": ""formula-19"", ""content"": ""`\\frac{3+5i}{1+i}`{=tex}""}, {""record_type"": ""formula"", ""label"": ""formula-20"", ""content"": ""`\\frac{3+5i}{1+i}`{=tex} `\\cdot`{=tex} `\\frac{1-i}{1-i}`{=tex}.""}, {""record_type"": ""formula"", ""label"": ""formula-21"", ""content"": ""`\\frac{(3+5i)(1-i)}`{=tex} {(1+i)(1-i)}""}, {""record_type"": ""formula"", ""label"": ""formula-22"", ""content"": ""```{=tex}\n\\frac{3-3i+5i-5i^2}\n```\n{1-i\\^2}.""}, {""record_type"": ""formula"", ""label"": ""formula-23"", ""content"": ""i\\^2=-1,""}, {""record_type"": ""formula"", ""label"": ""formula-24"", ""content"": ""```{=tex}\n\\frac{8+2i}{2}\n```""}, {""record_type"": ""formula"", ""label"": ""formula-25"", ""content"": ""`\\boxed{4+i}`{=tex}.""}, {""record_type"": ""formula"", ""label"": ""formula-26"", ""content"": ""2\\|5x+2\\|-1=5.""}, {""record_type"": ""formula"", ""label"": ""formula-27"", ""content"": ""2\\|5x+2\\|=6.""}, {""record_type"": ""formula"", ""label"": ""formula-28"", ""content"": ""\\|5x+2\\|=3.""}, {""record_type"": ""formula"", ""label"": ""formula-29"", ""content"": ""5x+2=3""}, {""record_type"": ""formula"", ""label"": ""formula-30"", ""content"": ""5x+2=-3.""}, {""record_type"": ""formula"", ""label"": ""formula-31"", ""content"": ""5x=1""}, {""record_type"": ""formula"", ""label"": ""formula-32"", ""content"": ""x=`\\frac15`{=tex}.""}, {""record_type"": ""formula"", ""label"": ""formula-33"", ""content"": ""5x=-5""}, {""record_type"": ""formula"", ""label"": ""formula-34"", ""content"": ""x=-1.""}, {""record_type"": ""formula"", ""label"": ""formula-35"", ""content"": ""`\\boxed{x=\\frac15\\text{ or }x=-1}`{=tex}.""}, {""record_type"": ""topic"", ""label"": ""absolute value"", ""content"": ""absolute value""}, {""record_type"": ""topic"", ""label"": ""completing the square"", ""content"": ""completing the square""}, {""record_type"": ""topic"", ""label"": ""factoring"", ""content"": ""factoring""}, {""record_type"": ""topic"", ""label"": ""functions"", ""content"": ""functions""}, {""record_type"": ""solution"", ""label"": ""Q.1 --- Completing the Square"", ""content"": ""Express\n\n\\[ 4x\\^2+8x+5 \\]\n\nin completed-square form.\n\nFactor (4) from the (x)-terms:\n\n\\[ 4x\\^2+8x+5 = 4(x\\^2+2x)+5. \\]\n\nSince\n\n\\[ x^2+2x+1=(x+1)^2, \\]\n\nadd and subtract (1):\n\n\\[ 4(x\\^2+2x+1-1)+5. \\]\n\nThus\n\n\\[ 4((x+1)\\^2-1)+5 \\]\n\n\\[ =4(x+1)\\^2-4+5 \\]\n\n\\[ `\\boxed{4(x+1)^2+1}`{=tex}. \\]""}, {""record_type"": ""solution"", ""label"": ""Q.2 --- Two-Way Radios"", ""content"": ""Two children have radios with a maximum range of\n\n\\[ 2`\\text{ miles}`{=tex}. \\]\n\nOne leaves at 1:00 P.M., walking north at\n\n\\[ 4`\\text{ mi/hr}`{=tex}. \\]\n\nThe other leaves the same point at 1:15 P.M., traveling south at\n\n\\[ 6`\\text{ mi/hr}`{=tex}. \\]\n\nThe first child has a 15-minute head start:\n\n\\[ 15`\\text{ min}`{=tex}=0.25`\\text{ hr}`{=tex}. \\]\n\nDistance covered during the head start:\n\n\\[ (4)(0.25)=1`\\text{ mile}`{=tex}. \\]\n\nLet (t) be the number of hours after 1:15 P.M.\n\nTheir separation is\n\n\\[ (4t+1)+6t=10t+1. \\]\n\nSet the separation equal to the radio range:\n\n\\[ 10t+1=2. \\]\n\nThen\n\n\\[ 10t=1 \\]\n\n\\[ t=0.1`\\text{ hr}`{=tex}. \\]\n\nConvert to minutes:\n\n\\[ 0.1(60)=6`\\text{ minutes}`{=tex}. \\]\n\nTherefore they reach maximum range at\n\n\\[ `\\boxed{1:21\\text{ P.M.}}`{=tex} \\]\n\nThe diagram on page 1 shows the first child north of the starting point\nwith the 1-mile head start, moving north at (4) mi/hr, while the second\nchild moves south at (6) mi/hr.""}, {""record_type"": ""solution"", ""label"": ""Q.3 --- Complex Fraction"", ""content"": ""Express\n\n\\[ `\\frac{3+5i}{1+i}`{=tex} \\]\n\nas (a+bi).\n\nMultiply by the conjugate:\n\n\\[ `\\frac{3+5i}{1+i}`{=tex} `\\cdot`{=tex} `\\frac{1-i}{1-i}`{=tex}. \\]\n\nThen\n\n\\[ `\\frac{(3+5i)(1-i)}`{=tex} {(1+i)(1-i)} \\]""}, {""record_type"": ""solution"", ""label"": ""Q.4 --- Absolute Value Equation"", ""content"": ""Solve\n\n\\[ 2\\|5x+2\\|-1=5. \\]\n\nAdd (1):\n\n\\[ 2\\|5x+2\\|=6. \\]\n\nDivide by (2):\n\n\\[ \\|5x+2\\|=3. \\]\n\nTherefore\n\n\\[ 5x+2=3 \\]\n\nor\n\n\\[ 5x+2=-3. \\]\n\nFirst case:\n\n\\[ 5x=1 \\]\n\n\\[ x=`\\frac15`{=tex}. \\]\n\nSecond case:\n\n\\[ 5x=-5 \\]\n\n\\[ x=-1. \\]\n\nThus\n\n\\[ `\\boxed{x=\\frac15\\text{ or }x=-1}`{=tex}. \\]""}]"
SRC-MD-9745FF7E0774,sources/quizzes/Quiz_4.md,quiz,cumulative,Quiz 4,"[""coordinate plane"", ""inequalities""]",4,0,9,676,9745ff7e07746bf5d91f46f41b53b7b672e975df71bef36b7f484f8c43e78bd6,complete,"[{""record_type"": ""question"", ""label"": ""Q.1"", ""content"": ""Solve \\[ `\\boxed{3|3x-1|-2\\ge4}`{=tex} \\] and write the answer in\ninterval notation.""}, {""record_type"": ""question"", ""label"": ""Q.2"", ""content"": ""Solve \\[ `\\boxed{\\frac8{x+3}<2}`{=tex} \\] and write the answer in\ninterval notation.\n\n**Hint:** Start by getting (0) on one side of the inequality.""}, {""record_type"": ""question"", ""label"": ""Q.3"", ""content"": ""Write the general formula for the midpoint of \\[ P_1(x_1,y_1) \\] and \\[\nP_2(x_2,y_2). \\]\n\nThen use the formula to find the midpoint of \\[ A(-1,7) \\] and \\[\nB(5,3). \\]""}, {""record_type"": ""question"", ""label"": ""Q.4"", ""content"": ""Determine, with working, whether \\[ C(4,8) \\] lies on the perpendicular\nbisector of the line segment from \\[ A(-1,7) \\] to \\[ B(5,3). \\]""}, {""record_type"": ""formula"", ""label"": ""formula-1"", ""content"": ""`\\boxed{3|3x-1|-2\\ge4}`{=tex}""}, {""record_type"": ""formula"", ""label"": ""formula-2"", ""content"": ""`\\boxed{\\frac8{x+3}<2}`{=tex}""}, {""record_type"": ""formula"", ""label"": ""formula-3"", ""content"": ""P_1(x_1,y_1)""}, {""record_type"": ""formula"", ""label"": ""formula-4"", ""content"": ""P_2(x_2,y_2).""}, {""record_type"": ""formula"", ""label"": ""formula-5"", ""content"": ""A(-1,7)""}, {""record_type"": ""formula"", ""label"": ""formula-6"", ""content"": ""B(5,3).""}, {""record_type"": ""formula"", ""label"": ""formula-7"", ""content"": ""C(4,8)""}, {""record_type"": ""formula"", ""label"": ""formula-8"", ""content"": ""A(-1,7)""}, {""record_type"": ""formula"", ""label"": ""formula-9"", ""content"": ""B(5,3).""}, {""record_type"": ""topic"", ""label"": ""coordinate plane"", ""content"": ""coordinate plane""}, {""record_type"": ""topic"", ""label"": ""inequalities"", ""content"": ""inequalities""}]"
SRC-MD-AA0087B43B4B,sources/quizzes/Quiz_4_Solution.md,quiz_solution,cumulative,Quiz 4 --- Solution,"[""absolute value"", ""coordinate plane"", ""functions""]",4,4,26,1844,aa0087b43b4be33b0702aa87b750da15f01c4fecdede61dd953fd1c7085bb6b6,complete,"[{""record_type"": ""question"", ""label"": ""Q.1"", ""content"": ""\\[ 3\\|3x-1\\|-2`\\ge4`{=tex} \\]\n\nIsolate the absolute value: \\[ 3\\|3x-1\\|`\\ge6`{=tex} \\] \\[\n\\|3x-1\\|`\\ge2`{=tex}. \\]\n\nThus \\[ 3x-1`\\ge2`{=tex} \\] or \\[ 3x-1`\\le-2`{=tex}. \\]\n\nTherefore \\[ x`\\ge1`{=tex} \\] or \\[ x`\\le`{=tex}-`\\frac13`{=tex}. \\]\n\nFinal answer: \\[ `\\boxed{(-\\infty,-\\tfrac13]\\cup[1,\\infty)}`{=tex}. \\]""}, {""record_type"": ""question"", ""label"": ""Q.2"", ""content"": ""\\[ `\\frac8{x+3}`{=tex}\\<2. \\]\n\nDomain restriction: \\[ x`\\ne-3`{=tex}. \\]\n\nMove everything to one side: \\[ `\\frac8{x+3}`{=tex}-2\\<0 \\] \\[\n`\\frac{8-2(x+3)}{x+3}`{=tex}\\<0 \\] \\[ `\\frac{2-2x}{x+3}`{=tex}\\<0. \\]\n\nCritical values: \\[ x=-3,`\\qquad `{=tex}x=1. \\]\n\nSign table:\n\n  Interval                   (2-2x)   (x+3)   Quotient\n  ------------------------ -------- ------- ----------\n  ((-`\\infty`{=tex},-3))        (+)     (-)        (-)\n  ((-3,1))                      (+)     (+)        (+)\n  ((1,`\\infty`{=tex}))          (-)     (+)        (-)\n\nFinal answer: \\[ `\\boxed{(-\\infty,-3)\\cup(1,\\infty)}`{=tex}. \\]""}, {""record_type"": ""question"", ""label"": ""Q.3"", ""content"": ""General midpoint formula: \\[ `\\boxed{\nMP=\\left(\\frac{x_1+x_2}{2},\\frac{y_1+y_2}{2}\\right)\n}`{=tex}. \\]\n\nFor \\[ A(-1,7),`\\qquad `{=tex}B(5,3): \\]\n\n\\[ MP = `\\left`{=tex}( `\\frac{-1+5}{2}`{=tex}, `\\frac{7+3}{2}`{=tex}\n`\\right`{=tex}) \\]\n\n\\[ `\\boxed{MP=(2,5)}`{=tex}. \\]""}, {""record_type"": ""question"", ""label"": ""Q.4"", ""content"": ""A point lies on the perpendicular bisector of a segment exactly when it\nis equidistant from the segment's endpoints.\n\nDistance formula: \\[ d(P_1,P_2) =\n`\\sqrt{(x_1-x_2)^2+(y_1-y_2)^2}`{=tex}. \\]\n\nFor (C(4,8)) and (A(-1,7)): \\[ d(C,A) =\n`\\sqrt{(4-(-1))^2+(8-7)^2}`{=tex} \\] \\[ =`\\sqrt{25+1}`{=tex}\n=`\\sqrt{26}`{=tex}. \\]\n\nFor (C(4,8)) and (B(5,3)): \\[ d(C,B) = `\\sqrt{(4-5)^2+(8-3)^2}`{=tex} \\]\n\\[ =`\\sqrt{1+25}`{=tex} =`\\sqrt{26}`{=tex}. \\]\n\nTherefore \\[ d(C,A)=d(C,B). \\]\n\nSo \\[\n`\\boxed{\\text{Yes, }C\\text{ lies on the perpendicular bisector of }\\overline{AB}.}`{=tex}\n\\]""}, {""record_type"": ""formula"", ""label"": ""formula-1"", ""content"": ""3\\|3x-1\\|-2`\\ge4`{=tex}""}, {""record_type"": ""formula"", ""label"": ""formula-2"", ""content"": ""3\\|3x-1\\|`\\ge6`{=tex}""}, {""record_type"": ""formula"", ""label"": ""formula-3"", ""content"": ""\\|3x-1\\|`\\ge2`{=tex}.""}, {""record_type"": ""formula"", ""label"": ""formula-4"", ""content"": ""3x-1`\\ge2`{=tex}""}, {""record_type"": ""formula"", ""label"": ""formula-5"", ""content"": ""3x-1`\\le-2`{=tex}.""}, {""record_type"": ""formula"", ""label"": ""formula-6"", ""content"": ""x`\\ge1`{=tex}""}, {""record_type"": ""formula"", ""label"": ""formula-7"", ""content"": ""x`\\le`{=tex}-`\\frac13`{=tex}.""}, {""record_type"": ""formula"", ""label"": ""formula-8"", ""content"": ""`\\boxed{(-\\infty,-\\tfrac13]\\cup[1,\\infty)}`{=tex}.""}, {""record_type"": ""formula"", ""label"": ""formula-9"", ""content"": ""`\\frac8{x+3}`{=tex}\\<2.""}, {""record_type"": ""formula"", ""label"": ""formula-10"", ""content"": ""x`\\ne-3`{=tex}.""}, {""record_type"": ""formula"", ""label"": ""formula-11"", ""content"": ""`\\frac8{x+3}`{=tex}-2\\<0""}, {""record_type"": ""formula"", ""label"": ""formula-12"", ""content"": ""`\\frac{8-2(x+3)}{x+3}`{=tex}\\<0""}, {""record_type"": ""formula"", ""label"": ""formula-13"", ""content"": ""`\\frac{2-2x}{x+3}`{=tex}\\<0.""}, {""record_type"": ""formula"", ""label"": ""formula-14"", ""content"": ""x=-3,`\\qquad `{=tex}x=1.""}, {""record_type"": ""formula"", ""label"": ""formula-15"", ""content"": ""`\\boxed{(-\\infty,-3)\\cup(1,\\infty)}`{=tex}.""}, {""record_type"": ""formula"", ""label"": ""formula-16"", ""content"": ""`\\boxed{\nMP=\\left(\\frac{x_1+x_2}{2},\\frac{y_1+y_2}{2}\\right)\n}`{=tex}.""}, {""record_type"": ""formula"", ""label"": ""formula-17"", ""content"": ""A(-1,7),`\\qquad `{=tex}B(5,3):""}, {""record_type"": ""formula"", ""label"": ""formula-18"", ""content"": ""MP = `\\left`{=tex}( `\\frac{-1+5}{2}`{=tex}, `\\frac{7+3}{2}`{=tex}\n`\\right`{=tex})""}, {""record_type"": ""formula"", ""label"": ""formula-19"", ""content"": ""`\\boxed{MP=(2,5)}`{=tex}.""}, {""record_type"": ""formula"", ""label"": ""formula-20"", ""content"": ""d(P_1,P_2) =\n`\\sqrt{(x_1-x_2)^2+(y_1-y_2)^2}`{=tex}.""}, {""record_type"": ""formula"", ""label"": ""formula-21"", ""content"": ""d(C,A) =\n`\\sqrt{(4-(-1))^2+(8-7)^2}`{=tex}""}, {""record_type"": ""formula"", ""label"": ""formula-22"", ""content"": ""=`\\sqrt{25+1}`{=tex}\n=`\\sqrt{26}`{=tex}.""}, {""record_type"": ""formula"", ""label"": ""formula-23"", ""content"": ""d(C,B) = `\\sqrt{(4-5)^2+(8-3)^2}`{=tex}""}, {""record_type"": ""formula"", ""label"": ""formula-24"", ""content"": ""=`\\sqrt{1+25}`{=tex} =`\\sqrt{26}`{=tex}.""}, {""record_type"": ""formula"", ""label"": ""formula-25"", ""content"": ""d(C,A)=d(C,B).""}, {""record_type"": ""formula"", ""label"": ""formula-26"", ""content"": ""`\\boxed{\\text{Yes, }C\\text{ lies on the perpendicular bisector of }\\overline{AB}.}`{=tex}""}, {""record_type"": ""topic"", ""label"": ""absolute value"", ""content"": ""absolute value""}, {""record_type"": ""topic"", ""label"": ""coordinate plane"", ""content"": ""coordinate plane""}, {""record_type"": ""topic"", ""label"": ""functions"", ""content"": ""functions""}, {""record_type"": ""solution"", ""label"": ""Q.1"", ""content"": ""\\[ 3\\|3x-1\\|-2`\\ge4`{=tex} \\]\n\nIsolate the absolute value: \\[ 3\\|3x-1\\|`\\ge6`{=tex} \\] \\[\n\\|3x-1\\|`\\ge2`{=tex}. \\]\n\nThus \\[ 3x-1`\\ge2`{=tex} \\] or \\[ 3x-1`\\le-2`{=tex}. \\]\n\nTherefore \\[ x`\\ge1`{=tex} \\] or \\[ x`\\le`{=tex}-`\\frac13`{=tex}. \\]\n\nFinal answer: \\[ `\\boxed{(-\\infty,-\\tfrac13]\\cup[1,\\infty)}`{=tex}. \\]""}, {""record_type"": ""solution"", ""label"": ""Q.2"", ""content"": ""\\[ `\\frac8{x+3}`{=tex}\\<2. \\]\n\nDomain restriction: \\[ x`\\ne-3`{=tex}. \\]\n\nMove everything to one side: \\[ `\\frac8{x+3}`{=tex}-2\\<0 \\] \\[\n`\\frac{8-2(x+3)}{x+3}`{=tex}\\<0 \\] \\[ `\\frac{2-2x}{x+3}`{=tex}\\<0. \\]\n\nCritical values: \\[ x=-3,`\\qquad `{=tex}x=1. \\]\n\nSign table:\n\n  Interval                   (2-2x)   (x+3)   Quotient\n  ------------------------ -------- ------- ----------\n  ((-`\\infty`{=tex},-3))        (+)     (-)        (-)\n  ((-3,1))                      (+)     (+)        (+)\n  ((1,`\\infty`{=tex}))          (-)     (+)        (-)\n\nFinal answer: \\[ `\\boxed{(-\\infty,-3)\\cup(1,\\infty)}`{=tex}. \\]""}, {""record_type"": ""solution"", ""label"": ""Q.3"", ""content"": ""General midpoint formula: \\[ `\\boxed{\nMP=\\left(\\frac{x_1+x_2}{2},\\frac{y_1+y_2}{2}\\right)\n}`{=tex}. \\]\n\nFor \\[ A(-1,7),`\\qquad `{=tex}B(5,3): \\]\n\n\\[ MP = `\\left`{=tex}( `\\frac{-1+5}{2}`{=tex}, `\\frac{7+3}{2}`{=tex}\n`\\right`{=tex}) \\]\n\n\\[ `\\boxed{MP=(2,5)}`{=tex}. \\]""}, {""record_type"": ""solution"", ""label"": ""Q.4"", ""content"": ""A point lies on the perpendicular bisector of a segment exactly when it\nis equidistant from the segment's endpoints.\n\nDistance formula: \\[ d(P_1,P_2) =\n`\\sqrt{(x_1-x_2)^2+(y_1-y_2)^2}`{=tex}. \\]\n\nFor (C(4,8)) and (A(-1,7)): \\[ d(C,A) =\n`\\sqrt{(4-(-1))^2+(8-7)^2}`{=tex} \\] \\[ =`\\sqrt{25+1}`{=tex}\n=`\\sqrt{26}`{=tex}. \\]\n\nFor (C(4,8)) and (B(5,3)): \\[ d(C,B) = `\\sqrt{(4-5)^2+(8-3)^2}`{=tex} \\]\n\\[ =`\\sqrt{1+25}`{=tex} =`\\sqrt{26}`{=tex}. \\]\n\nTherefore \\[ d(C,A)=d(C,B). \\]\n\nSo \\[\n`\\boxed{\\text{Yes, }C\\text{ lies on the perpendicular bisector of }\\overline{AB}.}`{=tex}\n\\]""}]"
SRC-MD-19EF7539A55D,sources/quizzes/Quiz_5.md,quiz,cumulative,Quiz 5,"[""completing the square"", ""functions"", ""inequalities"", ""lines""]",4,0,9,1279,19ef7539a55d1cf043afa8cb238b0e1773aef8a072b94c009d4c347dc83ccc22,complete,"[{""record_type"": ""question"", ""label"": ""Q.1"", ""content"": ""Write the general equation of a circle with center \\[ C(h,k) \\] and\nradius (r).\n\nThe following is the equation of a circle in the (x-y) plane: \\[\n`\\boxed{x^2-4x+y^2=5}`{=tex}. \\]\n\nWith working, find its center and radius.\n\n**Hint:** Start by completing the squares for the (x)-terms and\n(y)-terms separately.""}, {""record_type"": ""question"", ""label"": ""Q.2"", ""content"": ""A line (l) in the (x-y) plane is perpendicular to \\[ y=1-x \\] and passes\nthrough \\[ (-1,4). \\]\n\nWhat is the slope-intercept form of (l)?\n\n**Hint:** Start by setting up the point-slope form of (l).""}, {""record_type"": ""question"", ""label"": ""Q.3"", ""content"": ""Find the domain of \\[ `\\boxed{f(x)=\\frac{\\sqrt{x+1}}{2x}}`{=tex}. \\]\n\nExplain all restrictions clearly and write the final answer in interval\nnotation.""}, {""record_type"": ""question"", ""label"": ""Q.4 --- Graph Question"", ""content"": ""The source graph consists of two line segments:\n\n-   an increasing segment from the **closed** point \\[ (-3,-4) \\] to the\n    **open** point \\[ (-1,-2); \\]\n-   a decreasing segment from the **closed** point \\[ (-1,1) \\] to the\n    **open** point \\[ (2,-2). \\]\n\nState:\n\n1.  the domain of (f(x));\n2.  the range of (f(x));\n3.  the interval(s) on which (f(x)) is increasing;\n4.  the interval(s) on which (f(x)) is decreasing.\n\nWrite all answers in interval notation.""}, {""record_type"": ""formula"", ""label"": ""formula-1"", ""content"": ""C(h,k)""}, {""record_type"": ""formula"", ""label"": ""formula-2"", ""content"": ""`\\boxed{x^2-4x+y^2=5}`{=tex}.""}, {""record_type"": ""formula"", ""label"": ""formula-3"", ""content"": ""y=1-x""}, {""record_type"": ""formula"", ""label"": ""formula-4"", ""content"": ""(-1,4).""}, {""record_type"": ""formula"", ""label"": ""formula-5"", ""content"": ""`\\boxed{f(x)=\\frac{\\sqrt{x+1}}{2x}}`{=tex}.""}, {""record_type"": ""formula"", ""label"": ""formula-6"", ""content"": ""(-3,-4)""}, {""record_type"": ""formula"", ""label"": ""formula-7"", ""content"": ""(-1,-2);""}, {""record_type"": ""formula"", ""label"": ""formula-8"", ""content"": ""(-1,1)""}, {""record_type"": ""formula"", ""label"": ""formula-9"", ""content"": ""(2,-2).""}, {""record_type"": ""topic"", ""label"": ""completing the square"", ""content"": ""completing the square""}, {""record_type"": ""topic"", ""label"": ""functions"", ""content"": ""functions""}, {""record_type"": ""topic"", ""label"": ""inequalities"", ""content"": ""inequalities""}, {""record_type"": ""topic"", ""label"": ""lines"", ""content"": ""lines""}]"
SRC-MD-D6F382165054,sources/quizzes/Quiz_5_Solution.md,quiz_solution,cumulative,Quiz 5 --- Solution,"[""completing the square"", ""functions"", ""lines""]",4,4,27,1478,d6f38216505470c1533f1010aaebcd548874c90352211a3cc47caa8ea0df2235,complete,"[{""record_type"": ""question"", ""label"": ""Q.1 --- Circle"", ""content"": ""General equation: \\[ `\\boxed{(x-h)^2+(y-k)^2=r^2}`{=tex}. \\]\n\nGiven: \\[ x^2-4x+y^2=5. \\]\n\nComplete the square: \\[ (x^2-4x)+y^2=5 \\] \\[ (x-2)^2-4+y^2=5 \\] \\[\n(x-2)^2+y^2=9 \\] \\[ `\\boxed{(x-2)^2+(y-0)^2=3^2}`{=tex}. \\]\n\nCenter: \\[ `\\boxed{(2,0)}`{=tex} \\]\n\nRadius: \\[ `\\boxed{3}`{=tex}. \\]""}, {""record_type"": ""question"", ""label"": ""Q.2 --- Perpendicular Line"", ""content"": ""The given line \\[ y=1-x \\] has slope \\[ -1. \\]\n\nA perpendicular line has slope \\[ m=1. \\]\n\nPoint-slope form through ((-1,4)): \\[ y-4=1(x+1). \\]\n\nSolve for (y): \\[ `\\boxed{y=x+5}`{=tex}. \\]""}, {""record_type"": ""question"", ""label"": ""Q.3 --- Domain"", ""content"": ""\\[ f(x)=`\\frac{\\sqrt{x+1}}{2x}`{=tex}. \\]\n\nSquare-root restriction: \\[ x+1`\\ge0`{=tex} \\] so \\[ x`\\ge-1`{=tex}. \\]\n\nDenominator restriction: \\[ 2x`\\ne0`{=tex} \\] so \\[ x`\\ne0`{=tex}. \\]\n\nTherefore \\[ `\\boxed{[-1,0)\\cup(0,\\infty)}`{=tex}. \\]""}, {""record_type"": ""question"", ""label"": ""Q.4 --- Graph"", ""content"": ""The graph on page 3 shows:\n\n-   a closed point at ((-3,-4));\n-   an open point at ((-1,-2)) on the increasing segment;\n-   a closed point at ((-1,1)) on the decreasing segment;\n-   an open point at ((2,-2)).""}, {""record_type"": ""formula"", ""label"": ""formula-1"", ""content"": ""`\\boxed{(x-h)^2+(y-k)^2=r^2}`{=tex}.""}, {""record_type"": ""formula"", ""label"": ""formula-2"", ""content"": ""x^2-4x+y^2=5.""}, {""record_type"": ""formula"", ""label"": ""formula-3"", ""content"": ""(x^2-4x)+y^2=5""}, {""record_type"": ""formula"", ""label"": ""formula-4"", ""content"": ""(x-2)^2-4+y^2=5""}, {""record_type"": ""formula"", ""label"": ""formula-5"", ""content"": ""(x-2)^2+y^2=9""}, {""record_type"": ""formula"", ""label"": ""formula-6"", ""content"": ""`\\boxed{(x-2)^2+(y-0)^2=3^2}`{=tex}.""}, {""record_type"": ""formula"", ""label"": ""formula-7"", ""content"": ""`\\boxed{(2,0)}`{=tex}""}, {""record_type"": ""formula"", ""label"": ""formula-8"", ""content"": ""`\\boxed{3}`{=tex}.""}, {""record_type"": ""formula"", ""label"": ""formula-9"", ""content"": ""y=1-x""}, {""record_type"": ""formula"", ""label"": ""formula-10"", ""content"": ""-1.""}, {""record_type"": ""formula"", ""label"": ""formula-11"", ""content"": ""m=1.""}, {""record_type"": ""formula"", ""label"": ""formula-12"", ""content"": ""y-4=1(x+1).""}, {""record_type"": ""formula"", ""label"": ""formula-13"", ""content"": ""`\\boxed{y=x+5}`{=tex}.""}, {""record_type"": ""formula"", ""label"": ""formula-14"", ""content"": ""f(x)=`\\frac{\\sqrt{x+1}}{2x}`{=tex}.""}, {""record_type"": ""formula"", ""label"": ""formula-15"", ""content"": ""x+1`\\ge0`{=tex}""}, {""record_type"": ""formula"", ""label"": ""formula-16"", ""content"": ""x`\\ge-1`{=tex}.""}, {""record_type"": ""formula"", ""label"": ""formula-17"", ""content"": ""2x`\\ne0`{=tex}""}, {""record_type"": ""formula"", ""label"": ""formula-18"", ""content"": ""x`\\ne0`{=tex}.""}, {""record_type"": ""formula"", ""label"": ""formula-19"", ""content"": ""`\\boxed{[-1,0)\\cup(0,\\infty)}`{=tex}.""}, {""record_type"": ""formula"", ""label"": ""formula-20"", ""content"": ""\\[-3,-1)""}, {""record_type"": ""formula"", ""label"": ""formula-21"", ""content"": ""\\[-1,2)""}, {""record_type"": ""formula"", ""label"": ""formula-22"", ""content"": ""`\\boxed{[-3,2)}`{=tex}.""}, {""record_type"": ""formula"", ""label"": ""formula-23"", ""content"": ""\\[-4,-2)""}, {""record_type"": ""formula"", ""label"": ""formula-24"", ""content"": ""(-2,1""}, {""record_type"": ""formula"", ""label"": ""formula-25"", ""content"": ""`\\boxed{[-4,-2)\\cup(-2,1]}`{=tex}.""}, {""record_type"": ""formula"", ""label"": ""formula-26"", ""content"": ""`\\boxed{[-3,-1]}`{=tex}.""}, {""record_type"": ""formula"", ""label"": ""formula-27"", ""content"": ""`\\boxed{[-1,2)}`{=tex}.""}, {""record_type"": ""topic"", ""label"": ""completing the square"", ""content"": ""completing the square""}, {""record_type"": ""topic"", ""label"": ""functions"", ""content"": ""functions""}, {""record_type"": ""topic"", ""label"": ""lines"", ""content"": ""lines""}, {""record_type"": ""solution"", ""label"": ""Q.1 --- Circle"", ""content"": ""General equation: \\[ `\\boxed{(x-h)^2+(y-k)^2=r^2}`{=tex}. \\]\n\nGiven: \\[ x^2-4x+y^2=5. \\]\n\nComplete the square: \\[ (x^2-4x)+y^2=5 \\] \\[ (x-2)^2-4+y^2=5 \\] \\[\n(x-2)^2+y^2=9 \\] \\[ `\\boxed{(x-2)^2+(y-0)^2=3^2}`{=tex}. \\]\n\nCenter: \\[ `\\boxed{(2,0)}`{=tex} \\]\n\nRadius: \\[ `\\boxed{3}`{=tex}. \\]""}, {""record_type"": ""solution"", ""label"": ""Q.2 --- Perpendicular Line"", ""content"": ""The given line \\[ y=1-x \\] has slope \\[ -1. \\]\n\nA perpendicular line has slope \\[ m=1. \\]\n\nPoint-slope form through ((-1,4)): \\[ y-4=1(x+1). \\]\n\nSolve for (y): \\[ `\\boxed{y=x+5}`{=tex}. \\]""}, {""record_type"": ""solution"", ""label"": ""Q.3 --- Domain"", ""content"": ""\\[ f(x)=`\\frac{\\sqrt{x+1}}{2x}`{=tex}. \\]\n\nSquare-root restriction: \\[ x+1`\\ge0`{=tex} \\] so \\[ x`\\ge-1`{=tex}. \\]\n\nDenominator restriction: \\[ 2x`\\ne0`{=tex} \\] so \\[ x`\\ne0`{=tex}. \\]\n\nTherefore \\[ `\\boxed{[-1,0)\\cup(0,\\infty)}`{=tex}. \\]""}, {""record_type"": ""solution"", ""label"": ""Q.4 --- Graph"", ""content"": ""The graph on page 3 shows:\n\n-   a closed point at ((-3,-4));\n-   an open point at ((-1,-2)) on the increasing segment;\n-   a closed point at ((-1,1)) on the decreasing segment;\n-   an open point at ((2,-2)).""}]"
SRC-MD-25EB01736841,sources/quizzes/Quiz_6.md,quiz,cumulative,Quiz 6,"[""function composition"", ""functions"", ""inequalities"", ""rational expressions""]",4,0,10,778,25eb01736841adc8fc9593988a4367feeaee2fbc5489e141a210aed14d3a1f5b,complete,"[{""record_type"": ""question"", ""label"": ""Q.1"", ""content"": ""\\[ f(x)=2x\\^2+bx+c \\] is a quadratic function with unknown coefficients\n(b,c). Its vertex is \\[ (-1,-1). \\]\n\nFind (b) and (c).\n\n**Hint:** Start by setting up the vertex-form equation.""}, {""record_type"": ""question"", ""label"": ""Q.2"", ""content"": ""Find all (x)-intercepts of the circle with center \\[ (4,2) \\] and radius\n\\[ 2. \\]\n\n**Hint:** Start by setting up the equation of the circle.""}, {""record_type"": ""question"", ""label"": ""Q.3"", ""content"": ""Suppose \\[ f(x)=x\\^2-2x+1 \\] and \\[ g(x)=x-1. \\]\n\nFirst state the domain of \\[ `\\frac{f(x)}{g(x)}`{=tex} \\] and then\nsimplify the rational expression.""}, {""record_type"": ""question"", ""label"": ""Q.4"", ""content"": ""Suppose \\[ f(x)=`\\sqrt{x}`{=tex} \\] and \\[ g(x)=2x+4. \\]\n\nCompute \\[ (f`\\circ `{=tex}g)(x) \\] and state the domain of the\ncomposite function in interval notation.""}, {""record_type"": ""formula"", ""label"": ""formula-1"", ""content"": ""f(x)=2x\\^2+bx+c""}, {""record_type"": ""formula"", ""label"": ""formula-2"", ""content"": ""(-1,-1).""}, {""record_type"": ""formula"", ""label"": ""formula-3"", ""content"": ""(4,2)""}, {""record_type"": ""formula"", ""label"": ""formula-4"", ""content"": ""2.""}, {""record_type"": ""formula"", ""label"": ""formula-5"", ""content"": ""f(x)=x\\^2-2x+1""}, {""record_type"": ""formula"", ""label"": ""formula-6"", ""content"": ""g(x)=x-1.""}, {""record_type"": ""formula"", ""label"": ""formula-7"", ""content"": ""`\\frac{f(x)}{g(x)}`{=tex}""}, {""record_type"": ""formula"", ""label"": ""formula-8"", ""content"": ""f(x)=`\\sqrt{x}`{=tex}""}, {""record_type"": ""formula"", ""label"": ""formula-9"", ""content"": ""g(x)=2x+4.""}, {""record_type"": ""formula"", ""label"": ""formula-10"", ""content"": ""(f`\\circ `{=tex}g)(x)""}, {""record_type"": ""topic"", ""label"": ""function composition"", ""content"": ""function composition""}, {""record_type"": ""topic"", ""label"": ""functions"", ""content"": ""functions""}, {""record_type"": ""topic"", ""label"": ""inequalities"", ""content"": ""inequalities""}, {""record_type"": ""topic"", ""label"": ""rational expressions"", ""content"": ""rational expressions""}]"
SRC-MD-2E2570AF8669,sources/quizzes/Quiz_6_Solution.md,quiz_solution,cumulative,Quiz 6 --- Solution,"[""factoring"", ""functions"", ""radicals""]",4,4,30,1365,2e2570af866970f5d8e6c060838fb57d3d5526149adec32e8aaa2bf78073962d,complete,"[{""record_type"": ""question"", ""label"": ""Q.1"", ""content"": ""Given \\[ f(x)=2x\\^2+bx+c \\] with vertex \\[ (-1,-1). \\]\n\nVertex form is \\[ f(x)=a(x-h)\\^2+k. \\]\n\nHere \\[ a=2,`\\qquad `{=tex}h=-1,`\\qquad `{=tex}k=-1. \\]\n\nTherefore \\[ f(x)=2(x+1)\\^2-1 \\] \\[ =2(x\\^2+2x+1)-1 \\] \\[ =2x\\^2+4x+1.\n\\]\n\nComparing with \\[ 2x\\^2+bx+c, \\] we obtain \\[\n`\\boxed{b=4,\\qquad c=1}`{=tex}. \\]""}, {""record_type"": ""question"", ""label"": ""Q.2"", ""content"": ""The equation of a circle with center ((h,k)) and radius (r) is \\[\n(x-h)^2+(y-k)^2=r\\^2. \\]\n\nFor center ((4,2)) and radius (2): \\[ (x-4)^2+(y-2)^2=4. \\]\n\nAt an (x)-intercept, \\[ y=0. \\]\n\nThus \\[ (x-4)^2+(0-2)^2=4 \\] \\[ (x-4)\\^2+4=4 \\] \\[ (x-4)\\^2=0 \\] \\[ x=4.\n\\]\n\nSo the circle has one (x)-intercept: \\[ `\\boxed{(4,0)}`{=tex}. \\]""}, {""record_type"": ""question"", ""label"": ""Q.3"", ""content"": ""\\[ `\\frac{f(x)}{g(x)}`{=tex} = `\\frac{x^2-2x+1}{x-1}`{=tex}. \\]\n\nThe denominator cannot equal zero: \\[ x-1`\\ne0`{=tex} \\] so \\[\n`\\boxed{x\\ne1}`{=tex}. \\]\n\nFactor the numerator: \\[ x^2-2x+1=(x-1)^2. \\]\n\nThen, over the original domain, \\[ `\\frac{(x-1)^2}{x-1}`{=tex}=x-1. \\]\n\nTherefore \\[ `\\boxed{\\frac{f(x)}{g(x)}=x-1,\\qquad x\\ne1}`{=tex}. \\]""}, {""record_type"": ""question"", ""label"": ""Q.4"", ""content"": ""\\[ (f`\\circ `{=tex}g)(x)=f(g(x)). \\]\n\nSince \\[ g(x)=2x+4, \\] we get \\[ (f`\\circ `{=tex}g)(x) = f(2x+4) =\n`\\sqrt{2x+4}`{=tex}. \\]\n\nFor a real square root: \\[ 2x+4`\\ge0`{=tex} \\] \\[ x`\\ge-2`{=tex}. \\]\n\nTherefore \\[ `\\boxed{(f\\circ g)(x)=\\sqrt{2x+4}}`{=tex} \\] with domain \\[\n`\\boxed{[-2,\\infty)}`{=tex}. \\]""}, {""record_type"": ""formula"", ""label"": ""formula-1"", ""content"": ""f(x)=2x\\^2+bx+c""}, {""record_type"": ""formula"", ""label"": ""formula-2"", ""content"": ""(-1,-1).""}, {""record_type"": ""formula"", ""label"": ""formula-3"", ""content"": ""f(x)=a(x-h)\\^2+k.""}, {""record_type"": ""formula"", ""label"": ""formula-4"", ""content"": ""a=2,`\\qquad `{=tex}h=-1,`\\qquad `{=tex}k=-1.""}, {""record_type"": ""formula"", ""label"": ""formula-5"", ""content"": ""f(x)=2(x+1)\\^2-1""}, {""record_type"": ""formula"", ""label"": ""formula-6"", ""content"": ""=2(x\\^2+2x+1)-1""}, {""record_type"": ""formula"", ""label"": ""formula-7"", ""content"": ""=2x\\^2+4x+1.""}, {""record_type"": ""formula"", ""label"": ""formula-8"", ""content"": ""2x\\^2+bx+c,""}, {""record_type"": ""formula"", ""label"": ""formula-9"", ""content"": ""`\\boxed{b=4,\\qquad c=1}`{=tex}.""}, {""record_type"": ""formula"", ""label"": ""formula-10"", ""content"": ""(x-h)^2+(y-k)^2=r\\^2.""}, {""record_type"": ""formula"", ""label"": ""formula-11"", ""content"": ""(x-4)^2+(y-2)^2=4.""}, {""record_type"": ""formula"", ""label"": ""formula-12"", ""content"": ""y=0.""}, {""record_type"": ""formula"", ""label"": ""formula-13"", ""content"": ""(x-4)^2+(0-2)^2=4""}, {""record_type"": ""formula"", ""label"": ""formula-14"", ""content"": ""(x-4)\\^2+4=4""}, {""record_type"": ""formula"", ""label"": ""formula-15"", ""content"": ""(x-4)\\^2=0""}, {""record_type"": ""formula"", ""label"": ""formula-16"", ""content"": ""x=4.""}, {""record_type"": ""formula"", ""label"": ""formula-17"", ""content"": ""`\\boxed{(4,0)}`{=tex}.""}, {""record_type"": ""formula"", ""label"": ""formula-18"", ""content"": ""`\\frac{f(x)}{g(x)}`{=tex} = `\\frac{x^2-2x+1}{x-1}`{=tex}.""}, {""record_type"": ""formula"", ""label"": ""formula-19"", ""content"": ""x-1`\\ne0`{=tex}""}, {""record_type"": ""formula"", ""label"": ""formula-20"", ""content"": ""`\\boxed{x\\ne1}`{=tex}.""}, {""record_type"": ""formula"", ""label"": ""formula-21"", ""content"": ""x^2-2x+1=(x-1)^2.""}, {""record_type"": ""formula"", ""label"": ""formula-22"", ""content"": ""`\\frac{(x-1)^2}{x-1}`{=tex}=x-1.""}, {""record_type"": ""formula"", ""label"": ""formula-23"", ""content"": ""`\\boxed{\\frac{f(x)}{g(x)}=x-1,\\qquad x\\ne1}`{=tex}.""}, {""record_type"": ""formula"", ""label"": ""formula-24"", ""content"": ""(f`\\circ `{=tex}g)(x)=f(g(x)).""}, {""record_type"": ""formula"", ""label"": ""formula-25"", ""content"": ""g(x)=2x+4,""}, {""record_type"": ""formula"", ""label"": ""formula-26"", ""content"": ""(f`\\circ `{=tex}g)(x) = f(2x+4) =\n`\\sqrt{2x+4}`{=tex}.""}, {""record_type"": ""formula"", ""label"": ""formula-27"", ""content"": ""2x+4`\\ge0`{=tex}""}, {""record_type"": ""formula"", ""label"": ""formula-28"", ""content"": ""x`\\ge-2`{=tex}.""}, {""record_type"": ""formula"", ""label"": ""formula-29"", ""content"": ""`\\boxed{(f\\circ g)(x)=\\sqrt{2x+4}}`{=tex}""}, {""record_type"": ""formula"", ""label"": ""formula-30"", ""content"": ""`\\boxed{[-2,\\infty)}`{=tex}.""}, {""record_type"": ""topic"", ""label"": ""factoring"", ""content"": ""factoring""}, {""record_type"": ""topic"", ""label"": ""functions"", ""content"": ""functions""}, {""record_type"": ""topic"", ""label"": ""radicals"", ""content"": ""radicals""}, {""record_type"": ""solution"", ""label"": ""Q.1"", ""content"": ""Given \\[ f(x)=2x\\^2+bx+c \\] with vertex \\[ (-1,-1). \\]\n\nVertex form is \\[ f(x)=a(x-h)\\^2+k. \\]\n\nHere \\[ a=2,`\\qquad `{=tex}h=-1,`\\qquad `{=tex}k=-1. \\]\n\nTherefore \\[ f(x)=2(x+1)\\^2-1 \\] \\[ =2(x\\^2+2x+1)-1 \\] \\[ =2x\\^2+4x+1.\n\\]\n\nComparing with \\[ 2x\\^2+bx+c, \\] we obtain \\[\n`\\boxed{b=4,\\qquad c=1}`{=tex}. \\]""}, {""record_type"": ""solution"", ""label"": ""Q.2"", ""content"": ""The equation of a circle with center ((h,k)) and radius (r) is \\[\n(x-h)^2+(y-k)^2=r\\^2. \\]\n\nFor center ((4,2)) and radius (2): \\[ (x-4)^2+(y-2)^2=4. \\]\n\nAt an (x)-intercept, \\[ y=0. \\]\n\nThus \\[ (x-4)^2+(0-2)^2=4 \\] \\[ (x-4)\\^2+4=4 \\] \\[ (x-4)\\^2=0 \\] \\[ x=4.\n\\]\n\nSo the circle has one (x)-intercept: \\[ `\\boxed{(4,0)}`{=tex}. \\]""}, {""record_type"": ""solution"", ""label"": ""Q.3"", ""content"": ""\\[ `\\frac{f(x)}{g(x)}`{=tex} = `\\frac{x^2-2x+1}{x-1}`{=tex}. \\]\n\nThe denominator cannot equal zero: \\[ x-1`\\ne0`{=tex} \\] so \\[\n`\\boxed{x\\ne1}`{=tex}. \\]\n\nFactor the numerator: \\[ x^2-2x+1=(x-1)^2. \\]\n\nThen, over the original domain, \\[ `\\frac{(x-1)^2}{x-1}`{=tex}=x-1. \\]\n\nTherefore \\[ `\\boxed{\\frac{f(x)}{g(x)}=x-1,\\qquad x\\ne1}`{=tex}. \\]""}, {""record_type"": ""solution"", ""label"": ""Q.4"", ""content"": ""\\[ (f`\\circ `{=tex}g)(x)=f(g(x)). \\]\n\nSince \\[ g(x)=2x+4, \\] we get \\[ (f`\\circ `{=tex}g)(x) = f(2x+4) =\n`\\sqrt{2x+4}`{=tex}. \\]\n\nFor a real square root: \\[ 2x+4`\\ge0`{=tex} \\] \\[ x`\\ge-2`{=tex}. \\]\n\nTherefore \\[ `\\boxed{(f\\circ g)(x)=\\sqrt{2x+4}}`{=tex} \\] with domain \\[\n`\\boxed{[-2,\\infty)}`{=tex}. \\]""}]"
SRC-MD-C452974B2FDA,sources/tests/Test_1.md,test,cumulative,Test 1,"[""factoring"", ""functions"", ""inequalities"", ""quadratic equations"", ""radicals""]",20,0,20,3094,c452974b2fda9c9f35f387da910828f7af863b6184afcd8f6d2a913603be4580,complete,"[{""record_type"": ""question"", ""label"": ""Q.1"", ""content"": ""Simplify: \\[ `\\boxed{\n\\left(\\frac{a^2a^5}{b^{-2}}\\right)^2b^4\n}`{=tex} \\]""}, {""record_type"": ""question"", ""label"": ""Q.2"", ""content"": ""Simplify, where (a,b) may be any real numbers: \\[ `\\boxed{\n\\sqrt{a^3b^2}\\,\\sqrt{a^7b^4}\n}`{=tex} \\]""}, {""record_type"": ""question"", ""label"": ""Q.3"", ""content"": ""Simplify and rationalize the denominator: \\[ `\\boxed{\n\\frac{x^2y}{\\sqrt[3]{y^5}}\n}`{=tex} \\]""}, {""record_type"": ""question"", ""label"": ""Q.4"", ""content"": ""Rationalize the numerator: \\[ `\\boxed{\n\\frac{5+\\sqrt{x}}{5-\\sqrt{x}}\n}`{=tex} \\]""}, {""record_type"": ""question"", ""label"": ""Q.5"", ""content"": ""Simplify and fully factor the numerator and denominator: \\[ `\\boxed{\n\\frac3{x-2}-\\frac6{x^2+x-6}\n}`{=tex} \\]""}, {""record_type"": ""question"", ""label"": ""Q.6"", ""content"": ""Simplify and fully factor: \\[ `\\boxed{\n\\frac{-2x^2+14x-20}{x-2}\n\\div\n\\frac{x^2-25}{3x}\n}`{=tex} \\]""}, {""record_type"": ""question"", ""label"": ""Q.7"", ""content"": ""Find all real solutions: \\[ `\\boxed{(2x-2)^2=(4x+2)(x-4)}`{=tex}. \\]""}, {""record_type"": ""question"", ""label"": ""Q.8 --- Film Premiere"", ""content"": ""550 people attended a film premiere. Each adult ticket cost **\\$10** and\neach child ticket cost **\\$5**. Total box-office revenue was\n**\\$5,000**.\n\nHow many adults and children attended?""}, {""record_type"": ""question"", ""label"": ""Q.9"", ""content"": ""Simplify into (a+bi): \\[ `\\boxed{\\frac{4-3i}{1-2i}}`{=tex}. \\]""}, {""record_type"": ""question"", ""label"": ""Q.10"", ""content"": ""State the quadratic formula for \\[ ax\\^2+bx+c=0. \\]\n\nThen use it to find all complex solutions of \\[\n`\\boxed{-4x^2+8x-5=0}`{=tex}. \\]""}, {""record_type"": ""question"", ""label"": ""Q.11 --- Alice and Bob"", ""content"": ""Alice runs at **5 mi/hr**. Bob starts from the same point **20 minutes\nlater** at **8 mi/hr**.\n\nHow many minutes after Bob starts will he catch Alice?""}, {""record_type"": ""question"", ""label"": ""Q.12"", ""content"": ""Use the zero-factor theorem to solve: \\[\n`\\boxed{2x^3-3x^2-8x+12=0}`{=tex}. \\]""}, {""record_type"": ""question"", ""label"": ""Q.13 --- Weighted Grade"", ""content"": ""Dina's grade is determined by three equally weighted midterms and one\nfinal exam. The final is worth half the total grade.\n\nHer midterm scores are \\[ 94%,`\\quad83`{=tex}%,`\\quad87`{=tex}%. \\]\n\nWhat final-exam percentage gives her an overall grade of exactly (90%)?""}, {""record_type"": ""question"", ""label"": ""Q.14"", ""content"": ""Find all real solutions: \\[ `\\boxed{x^4-x^2-12=0}`{=tex}. \\]""}, {""record_type"": ""question"", ""label"": ""Q.15"", ""content"": ""Find all real solutions and check them in the original equation: \\[\n`\\boxed{x-1=-\\sqrt{7-x}}`{=tex}. \\]""}, {""record_type"": ""question"", ""label"": ""Q.16"", ""content"": ""Find all real solutions: \\[ `\\boxed{\\sqrt[3]{x^2-6x}=-2}`{=tex}. \\]""}, {""record_type"": ""question"", ""label"": ""Q.17 --- Simple Interest"", ""content"": ""Given \\[ A=P+Prt, \\] express (P) in terms of (A,r,t).""}, {""record_type"": ""question"", ""label"": ""Q.18"", ""content"": ""Solve and write the answer in interval notation: \\[\n`\\boxed{-5\\le-3x+1<10}`{=tex}. \\]""}, {""record_type"": ""question"", ""label"": ""Q.19"", ""content"": ""State the domain, then solve: \\[ `\\boxed{\\frac4{|x+1|}>1}`{=tex}. \\]\n\nWrite the answer in interval notation.""}, {""record_type"": ""question"", ""label"": ""Q.20"", ""content"": ""Solve: \\[ `\\boxed{\n\\frac{x(x-2)}{x+3}<0\n}`{=tex}. \\]\n\nWrite the answer in interval notation.""}, {""record_type"": ""formula"", ""label"": ""formula-1"", ""content"": ""`\\boxed{\n\\left(\\frac{a^2a^5}{b^{-2}}\\right)^2b^4\n}`{=tex}""}, {""record_type"": ""formula"", ""label"": ""formula-2"", ""content"": ""`\\boxed{\n\\sqrt{a^3b^2}\\,\\sqrt{a^7b^4}\n}`{=tex}""}, {""record_type"": ""formula"", ""label"": ""formula-3"", ""content"": ""`\\boxed{\n\\frac{x^2y}{\\sqrt[3]{y^5}}\n}`{=tex}""}, {""record_type"": ""formula"", ""label"": ""formula-4"", ""content"": ""`\\boxed{\n\\frac{5+\\sqrt{x}}{5-\\sqrt{x}}\n}`{=tex}""}, {""record_type"": ""formula"", ""label"": ""formula-5"", ""content"": ""`\\boxed{\n\\frac3{x-2}-\\frac6{x^2+x-6}\n}`{=tex}""}, {""record_type"": ""formula"", ""label"": ""formula-6"", ""content"": ""`\\boxed{\n\\frac{-2x^2+14x-20}{x-2}\n\\div\n\\frac{x^2-25}{3x}\n}`{=tex}""}, {""record_type"": ""formula"", ""label"": ""formula-7"", ""content"": ""`\\boxed{(2x-2)^2=(4x+2)(x-4)}`{=tex}.""}, {""record_type"": ""formula"", ""label"": ""formula-8"", ""content"": ""`\\boxed{\\frac{4-3i}{1-2i}}`{=tex}.""}, {""record_type"": ""formula"", ""label"": ""formula-9"", ""content"": ""ax\\^2+bx+c=0.""}, {""record_type"": ""formula"", ""label"": ""formula-10"", ""content"": ""`\\boxed{-4x^2+8x-5=0}`{=tex}.""}, {""record_type"": ""formula"", ""label"": ""formula-11"", ""content"": ""`\\boxed{2x^3-3x^2-8x+12=0}`{=tex}.""}, {""record_type"": ""formula"", ""label"": ""formula-12"", ""content"": ""94%,`\\quad83`{=tex}%,`\\quad87`{=tex}%.""}, {""record_type"": ""formula"", ""label"": ""formula-13"", ""content"": ""`\\boxed{x^4-x^2-12=0}`{=tex}.""}, {""record_type"": ""formula"", ""label"": ""formula-14"", ""content"": ""`\\boxed{x-1=-\\sqrt{7-x}}`{=tex}.""}, {""record_type"": ""formula"", ""label"": ""formula-15"", ""content"": ""`\\boxed{\\sqrt[3]{x^2-6x}=-2}`{=tex}.""}, {""record_type"": ""formula"", ""label"": ""formula-16"", ""content"": ""A=P+Prt,""}, {""record_type"": ""formula"", ""label"": ""formula-17"", ""content"": ""`\\boxed{-5\\le-3x+1<10}`{=tex}.""}, {""record_type"": ""formula"", ""label"": ""formula-18"", ""content"": ""`\\boxed{\\frac4{|x+1|}>1}`{=tex}.""}, {""record_type"": ""formula"", ""label"": ""formula-19"", ""content"": ""`\\boxed{\n\\frac{x(x-2)}{x+3}<0\n}`{=tex}.""}, {""record_type"": ""formula"", ""label"": ""formula-20"", ""content"": ""ax\\^2+bx+c=0""}, {""record_type"": ""topic"", ""label"": ""factoring"", ""content"": ""factoring""}, {""record_type"": ""topic"", ""label"": ""functions"", ""content"": ""functions""}, {""record_type"": ""topic"", ""label"": ""inequalities"", ""content"": ""inequalities""}, {""record_type"": ""topic"", ""label"": ""quadratic equations"", ""content"": ""quadratic equations""}, {""record_type"": ""topic"", ""label"": ""radicals"", ""content"": ""radicals""}]"
SRC-MD-EC151A0D5841,sources/tests/Test_1_Review.md,review,cumulative,Test 1 Review,"[""complex numbers"", ""factoring"", ""radicals"", ""rational expressions""]",14,0,15,1966,ec151a0d58418e057e56d623dd6b504ef31c91b80ebcba27d4bd3bc1def29f0d,complete,"[{""record_type"": ""question"", ""label"": ""Q.1"", ""content"": ""Simplify and then rationalize the denominator: \\[ `\\boxed{\n\\frac{\\sqrt[5]{8x^3y^4}}\n{\\sqrt[5]{4x^4y^2}}\n}`{=tex} \\]""}, {""record_type"": ""question"", ""label"": ""Q.2"", ""content"": ""Rationalize the numerator: \\[ `\\boxed{\n\\frac{\\sqrt{x}}\n{\\sqrt[5]{y^3}}\n}`{=tex} \\]\n\n> The source page is visually typeset; this transcription preserves the\n> readable radical structure visible in the review.""}, {""record_type"": ""question"", ""label"": ""Q.3"", ""content"": ""Factor \\[ `\\boxed{12x^2-x-6}`{=tex} \\] and then solve \\[ 12x\\^2-x-6=0.\n\\]""}, {""record_type"": ""question"", ""label"": ""Q.4"", ""content"": ""Factor \\[ `\\boxed{3x^3-4x^2-27x+36}`{=tex} \\] and then solve \\[\n3x^3-4x^2-27x+36=0. \\]""}, {""record_type"": ""question"", ""label"": ""Q.5"", ""content"": ""Simplify into one rational expression: \\[ `\\boxed{\n\\frac{t}{t+3}\n+\n\\frac{4t}{t-3}\n-\n\\frac{18}{t^2-9}\n}`{=tex} \\]""}, {""record_type"": ""question"", ""label"": ""Q.6"", ""content"": ""Rationalize the denominator: \\[ `\\boxed{\n\\frac{\\sqrt{t}-4}{\\sqrt{t}+4}\n}`{=tex} \\]""}, {""record_type"": ""question"", ""label"": ""Q.7 --- Filling a Swimming Pool"", ""content"": ""With water from one hose, a swimming pool can be filled in **8 hours**.\n\nA second, larger hose used alone can fill the pool in **5 hours**.\n\nHow long would it take to fill the pool if both hoses were used\nsimultaneously?""}, {""record_type"": ""question"", ""label"": ""Q.8 --- Preparing an Alloy"", ""content"": ""British sterling silver is a copper-silver alloy that is **7.5% copper\nby weight**.\n\nHow many grams of pure copper and how many grams of British sterling\nsilver should be used to prepare **200 grams** of a copper-silver alloy\nthat is **10% copper by weight**?""}, {""record_type"": ""question"", ""label"": ""Q.9"", ""content"": ""Simplify \\[ `\\boxed{\n\\frac{1-7i}{6-2i}\n}`{=tex} \\] into a single complex number of the form \\[ a+bi, \\] where\n(a,b) are real.""}, {""record_type"": ""question"", ""label"": ""Q.10"", ""content"": ""Find all real numbers (x,y) satisfying \\[ `\\boxed{\n8+(3x+y)i=2x-4i\n}`{=tex}. \\]""}, {""record_type"": ""question"", ""label"": ""Q.11"", ""content"": ""Find all real numbers satisfying \\[ `\\boxed{1<|x|<4}`{=tex}. \\]""}, {""record_type"": ""question"", ""label"": ""Q.12"", ""content"": ""Find all real numbers satisfying \\[ `\\boxed{\n6u^{-1/2}-13u^{-1/4}+6=0\n}`{=tex}. \\]""}, {""record_type"": ""question"", ""label"": ""Q.13"", ""content"": ""Find all real numbers satisfying \\[ `\\boxed{(x-4)^2>x(x+12)}`{=tex}. \\]""}, {""record_type"": ""question"", ""label"": ""Q.14"", ""content"": ""Find all real numbers satisfying \\[ `\\boxed{\n\\frac{x^2-x-2}{x^2+4x+3}\\ge0\n}`{=tex}. \\]""}, {""record_type"": ""formula"", ""label"": ""formula-1"", ""content"": ""`\\boxed{\n\\frac{\\sqrt[5]{8x^3y^4}}\n{\\sqrt[5]{4x^4y^2}}\n}`{=tex}""}, {""record_type"": ""formula"", ""label"": ""formula-2"", ""content"": ""`\\boxed{\n\\frac{\\sqrt{x}}\n{\\sqrt[5]{y^3}}\n}`{=tex}""}, {""record_type"": ""formula"", ""label"": ""formula-3"", ""content"": ""`\\boxed{12x^2-x-6}`{=tex}""}, {""record_type"": ""formula"", ""label"": ""formula-4"", ""content"": ""12x\\^2-x-6=0.""}, {""record_type"": ""formula"", ""label"": ""formula-5"", ""content"": ""`\\boxed{3x^3-4x^2-27x+36}`{=tex}""}, {""record_type"": ""formula"", ""label"": ""formula-6"", ""content"": ""3x^3-4x^2-27x+36=0.""}, {""record_type"": ""formula"", ""label"": ""formula-7"", ""content"": ""`\\boxed{\n\\frac{t}{t+3}\n+\n\\frac{4t}{t-3}\n-\n\\frac{18}{t^2-9}\n}`{=tex}""}, {""record_type"": ""formula"", ""label"": ""formula-8"", ""content"": ""`\\boxed{\n\\frac{\\sqrt{t}-4}{\\sqrt{t}+4}\n}`{=tex}""}, {""record_type"": ""formula"", ""label"": ""formula-9"", ""content"": ""`\\boxed{\n\\frac{1-7i}{6-2i}\n}`{=tex}""}, {""record_type"": ""formula"", ""label"": ""formula-10"", ""content"": ""a+bi,""}, {""record_type"": ""formula"", ""label"": ""formula-11"", ""content"": ""`\\boxed{\n8+(3x+y)i=2x-4i\n}`{=tex}.""}, {""record_type"": ""formula"", ""label"": ""formula-12"", ""content"": ""`\\boxed{1<|x|<4}`{=tex}.""}, {""record_type"": ""formula"", ""label"": ""formula-13"", ""content"": ""`\\boxed{\n6u^{-1/2}-13u^{-1/4}+6=0\n}`{=tex}.""}, {""record_type"": ""formula"", ""label"": ""formula-14"", ""content"": ""`\\boxed{(x-4)^2>x(x+12)}`{=tex}.""}, {""record_type"": ""formula"", ""label"": ""formula-15"", ""content"": ""`\\boxed{\n\\frac{x^2-x-2}{x^2+4x+3}\\ge0\n}`{=tex}.""}, {""record_type"": ""topic"", ""label"": ""complex numbers"", ""content"": ""complex numbers""}, {""record_type"": ""topic"", ""label"": ""factoring"", ""content"": ""factoring""}, {""record_type"": ""topic"", ""label"": ""radicals"", ""content"": ""radicals""}, {""record_type"": ""topic"", ""label"": ""rational expressions"", ""content"": ""rational expressions""}]"
SRC-MD-AB68538CCCA7,sources/tests/Test_1_Solutions.md,test_solution,cumulative,Test 1 --- Solutions,"[""complex numbers"", ""factoring"", ""functions"", ""inequalities"", ""quadratic equations"", ""radicals""]",20,20,88,5251,ab68538ccca7c9e34a020750d571a4ee117ee31507d60a8075ac03ab79c32363,complete,"[{""record_type"": ""question"", ""label"": ""Q.1"", ""content"": ""\\[ `\\left`{=tex}(`\\frac{a^2a^5}{b^{-2}}`{=tex}`\\right`{=tex})^2b^4 =\n`\\left`{=tex}(`\\frac{a^7}{b^{-2}}`{=tex}`\\right`{=tex})^2b^4 =\na^{14}b^4b\\^4 \\] \\[ `\\boxed{a^{14}b^8}`{=tex}. \\]""}, {""record_type"": ""question"", ""label"": ""Q.2"", ""content"": ""\\[ `\\sqrt{a^3b^2}`{=tex}`\\sqrt{a^7b^4}`{=tex} =\n`\\sqrt{a^{10}b^6}`{=tex}. \\]\n\nBecause (a,b) may be any real numbers and this is a principal square\nroot: \\[ `\\boxed{|a^5b^3|}`{=tex}. \\]\n\nEquivalent forms include \\[ \\|a\\|^5\\|b\\|^3. \\]""}, {""record_type"": ""question"", ""label"": ""Q.3"", ""content"": ""\\[ `\\frac{x^2y}{\\sqrt[3]{y^5}}`{=tex} =\n`\\frac{x^2}{\\sqrt[3]{y^2}}`{=tex}. \\]\n\nMultiply numerator and denominator by (`\\sqrt[3]{y}`{=tex}): \\[ `\\boxed{\n\\frac{x^2\\sqrt[3]{y}}{y}\n}`{=tex}. \\]""}, {""record_type"": ""question"", ""label"": ""Q.4"", ""content"": ""\\[ `\\frac{5+\\sqrt{x}}{5-\\sqrt{x}}`{=tex} `\\cdot`{=tex}\n`\\frac{5-\\sqrt{x}}{5-\\sqrt{x}}`{=tex} \\]""}, {""record_type"": ""question"", ""label"": ""Q.5"", ""content"": ""Factor: \\[ x\\^2+x-6=(x-2)(x+3). \\]\n\nThen \\[ `\\frac3{x-2}`{=tex}-`\\frac6{(x-2)(x+3)}`{=tex} =\n`\\frac{3(x+3)-6}{(x-2)(x+3)}`{=tex} \\]\n\n\\[ `\\boxed{\n\\frac{3(x+1)}{(x-2)(x+3)}\n}`{=tex}. \\]""}, {""record_type"": ""question"", ""label"": ""Q.6"", ""content"": ""\\[ -2x\\^2+14x-20=-2(x-5)(x-2) \\] and \\[ x\\^2-25=(x-5)(x+5). \\]\n\nTherefore \\[ `\\frac{-2(x-5)(x-2)}{x-2}`{=tex} `\\div`{=tex}\n`\\frac{(x-5)(x+5)}{3x}`{=tex} \\]\n\n\\[ `\\boxed{-\\frac{6x}{x+5}}`{=tex}. \\]""}, {""record_type"": ""question"", ""label"": ""Q.7"", ""content"": ""Expand: \\[ (2x-2)\\^2=(4x+2)(x-4). \\]\n\nThe (4x\\^2) terms cancel: \\[ -8x+4=-14x-8 \\] \\[ 6x=-12 \\] \\[\n`\\boxed{x=-2}`{=tex}. \\]""}, {""record_type"": ""question"", ""label"": ""Q.8"", ""content"": ""Let (x) be adults and (y) children: \\[ x+y=550 \\] \\[ 10x+5y=5000. \\]\n\nDivide the second equation by (5): \\[ 2x+y=1000. \\]\n\nSubtract: \\[ x=450. \\]\n\nThen \\[ y=100. \\]\n\n\\[ `\\boxed{450\\text{ adults and }100\\text{ children}}`{=tex}. \\]""}, {""record_type"": ""question"", ""label"": ""Q.9"", ""content"": ""Multiply by the conjugate: \\[ `\\frac{4-3i}{1-2i}`{=tex} `\\cdot`{=tex}\n`\\frac{1+2i}{1+2i}`{=tex}. \\]""}, {""record_type"": ""question"", ""label"": ""Q.10"", ""content"": ""Quadratic formula: \\[ `\\boxed{x=\\frac{-b\\pm\\sqrt{b^2-4ac}}{2a}}`{=tex}.\n\\]\n\nFor \\[ -4x\\^2+8x-5=0: \\]\n\n\\[ x= `\\frac{-8\\pm\\sqrt{64-80}}{-8}`{=tex} = `\\frac{-8\\pm4i}{-8}`{=tex}.\n\\]\n\nThus \\[ `\\boxed{x=1\\pm\\frac{i}{2}}`{=tex}. \\]""}, {""record_type"": ""question"", ""label"": ""Q.11"", ""content"": ""Alice's 20-minute head start is \\[\n5`\\left`{=tex}(`\\frac13`{=tex}`\\right`{=tex})=`\\frac53`{=tex}`\\text{ miles}`{=tex}.\n\\]\n\nLet (t) be hours after Bob starts: \\[ `\\frac53`{=tex}+5t=8t. \\]\n\n\\[ t=`\\frac59`{=tex}`\\text{ hr}`{=tex}. \\]\n\nConvert to minutes: \\[\n`\\frac59`{=tex}(60)=`\\frac{100}{3}`{=tex}`\\text{ min}`{=tex}. \\]\n\n\\[ `\\boxed{\\frac{100}{3}\\text{ minutes}\\approx33\\text{ minutes}}`{=tex}.\n\\]\n\nThe source solution includes a hand-drawn diagram on page 10 showing\nAlice ahead of Bob when Bob begins running.""}, {""record_type"": ""question"", ""label"": ""Q.12"", ""content"": ""\\[ 2x^3-3x^2-8x+12=0 \\]\n\nGroup: \\[ x\\^2(2x-3)-4(2x-3)=0 \\]\n\n\\[ (x\\^2-4)(2x-3)=0 \\]\n\n\\[ (x-2)(x+2)(2x-3)=0. \\]\n\nTherefore \\[ `\\boxed{x=2,\\,-2,\\,\\frac32}`{=tex}. \\]""}, {""record_type"": ""question"", ""label"": ""Q.13"", ""content"": ""Average midterm score: \\[ `\\frac{94+83+87}{3}`{=tex}=88. \\]\n\nSince the midterm average and final are equally weighted: \\[\n`\\frac{88+x}{2}`{=tex}=90. \\]\n\n\\[ x=92. \\]\n\n\\[ `\\boxed{92\\%}`{=tex}. \\]""}, {""record_type"": ""question"", ""label"": ""Q.14"", ""content"": ""Let \\[ u=x\\^2. \\]\n\nThen \\[ u\\^2-u-12=0 \\]\n\n\\[ (u-4)(u+3)=0. \\]\n\nThus \\[ u=4`\\quad`{=tex}`\\text{or}`{=tex}`\\quad `{=tex}u=-3. \\]\n\nOnly (u=4) gives real (x): \\[ `\\boxed{x=\\pm2}`{=tex}. \\]""}, {""record_type"": ""question"", ""label"": ""Q.15"", ""content"": ""\\[ x-1=-`\\sqrt{7-x}`{=tex}. \\]\n\nSquare both sides: \\[ (x-1)\\^2=7-x \\]\n\n\\[ x\\^2-x-6=0 \\]\n\n\\[ (x-3)(x+2)=0. \\]\n\nCandidates: \\[ x=3,,-2. \\]\n\nChecking the original equation shows (x=3) is extraneous and (x=-2)\nworks.\n\n\\[ `\\boxed{x=-2}`{=tex}. \\]""}, {""record_type"": ""question"", ""label"": ""Q.16"", ""content"": ""\\[ `\\sqrt[3]{x^2-6x}`{=tex}=-2. \\]\n\nCube both sides: \\[ x\\^2-6x=-8 \\]\n\n\\[ x\\^2-6x+8=0 \\]\n\n\\[ (x-4)(x-2)=0. \\]\n\n\\[ `\\boxed{x=2,4}`{=tex}. \\]""}, {""record_type"": ""question"", ""label"": ""Q.17"", ""content"": ""\\[ A=P+Prt. \\]\n\nFactor (P): \\[ A=P(1+rt). \\]\n\nTherefore \\[ `\\boxed{P=\\frac{A}{1+rt}}`{=tex}. \\]""}, {""record_type"": ""question"", ""label"": ""Q.18"", ""content"": ""\\[ -5`\\le`{=tex}-3x+1\\<10 \\]\n\n\\[ -6`\\le`{=tex}-3x\\<9. \\]\n\nDivide by (-3) and reverse the inequalities: \\[ 2`\\ge `{=tex}x\\>-3. \\]\n\nThus \\[ `\\boxed{(-3,2]}`{=tex}. \\]""}, {""record_type"": ""question"", ""label"": ""Q.19"", ""content"": ""Domain restriction: \\[ \\|x+1\\|`\\ne0`{=tex} \\] so \\[ x`\\ne-1`{=tex}. \\]\n\nSolve: \\[ `\\frac4{|x+1|}`{=tex}\\>1 \\]\n\n\\[ 4\\>\\|x+1\\| \\]\n\n\\[ \\|x+1\\|\\<4 \\]\n\n\\[ -4\\<x+1\\<4 \\]\n\n\\[ -5\\<x\\<3. \\]\n\nExclude (x=-1): \\[ `\\boxed{(-5,-1)\\cup(-1,3)}`{=tex}. \\]""}, {""record_type"": ""question"", ""label"": ""Q.20"", ""content"": ""\\[ `\\frac{x(x-2)}{x+3}`{=tex}\\<0. \\]\n\nCritical values: \\[ -3,`\\quad0`{=tex},`\\quad2`{=tex}. \\]\n\nSign table:\n\n  Interval                   \\(x\\)   (x-2)   (x+3)   Expression\n  ------------------------ ------- ------- ------- ------------\n  ((-`\\infty`{=tex},-3))       (-)     (-)     (-)          (-)\n  ((-3,0))                     (-)     (-)     (+)          (+)\n  ((0,2))                      (+)     (-)     (+)          (-)\n  ((2,`\\infty`{=tex}))         (+)     (+)     (+)          (+)\n\nTherefore \\[ `\\boxed{(-\\infty,-3)\\cup(0,2)}`{=tex}. \\]""}, {""record_type"": ""formula"", ""label"": ""formula-1"", ""content"": ""`\\left`{=tex}(`\\frac{a^2a^5}{b^{-2}}`{=tex}`\\right`{=tex})^2b^4 =\n`\\left`{=tex}(`\\frac{a^7}{b^{-2}}`{=tex}`\\right`{=tex})^2b^4 =\na^{14}b^4b\\^4""}, {""record_type"": ""formula"", ""label"": ""formula-2"", ""content"": ""`\\boxed{a^{14}b^8}`{=tex}.""}, {""record_type"": ""formula"", ""label"": ""formula-3"", ""content"": ""`\\sqrt{a^3b^2}`{=tex}`\\sqrt{a^7b^4}`{=tex} =\n`\\sqrt{a^{10}b^6}`{=tex}.""}, {""record_type"": ""formula"", ""label"": ""formula-4"", ""content"": ""`\\boxed{|a^5b^3|}`{=tex}.""}, {""record_type"": ""formula"", ""label"": ""formula-5"", ""content"": ""\\|a\\|^5\\|b\\|^3.""}, {""record_type"": ""formula"", ""label"": ""formula-6"", ""content"": ""`\\frac{x^2y}{\\sqrt[3]{y^5}}`{=tex} =\n`\\frac{x^2}{\\sqrt[3]{y^2}}`{=tex}.""}, {""record_type"": ""formula"", ""label"": ""formula-7"", ""content"": ""`\\boxed{\n\\frac{x^2\\sqrt[3]{y}}{y}\n}`{=tex}.""}, {""record_type"": ""formula"", ""label"": ""formula-8"", ""content"": ""`\\frac{5+\\sqrt{x}}{5-\\sqrt{x}}`{=tex} `\\cdot`{=tex}\n`\\frac{5-\\sqrt{x}}{5-\\sqrt{x}}`{=tex}""}, {""record_type"": ""formula"", ""label"": ""formula-9"", ""content"": ""`\\frac{25-x}{25-10\\sqrt{x}+x}`{=tex}.""}, {""record_type"": ""formula"", ""label"": ""formula-10"", ""content"": ""`\\boxed{\\frac{25-x}{25-10\\sqrt{x}+x}}`{=tex}.""}, {""record_type"": ""formula"", ""label"": ""formula-11"", ""content"": ""x\\^2+x-6=(x-2)(x+3).""}, {""record_type"": ""formula"", ""label"": ""formula-12"", ""content"": ""`\\frac3{x-2}`{=tex}-`\\frac6{(x-2)(x+3)}`{=tex} =\n`\\frac{3(x+3)-6}{(x-2)(x+3)}`{=tex}""}, {""record_type"": ""formula"", ""label"": ""formula-13"", ""content"": ""`\\boxed{\n\\frac{3(x+1)}{(x-2)(x+3)}\n}`{=tex}.""}, {""record_type"": ""formula"", ""label"": ""formula-14"", ""content"": ""-2x\\^2+14x-20=-2(x-5)(x-2)""}, {""record_type"": ""formula"", ""label"": ""formula-15"", ""content"": ""x\\^2-25=(x-5)(x+5).""}, {""record_type"": ""formula"", ""label"": ""formula-16"", ""content"": ""`\\frac{-2(x-5)(x-2)}{x-2}`{=tex} `\\div`{=tex}\n`\\frac{(x-5)(x+5)}{3x}`{=tex}""}, {""record_type"": ""formula"", ""label"": ""formula-17"", ""content"": ""`\\boxed{-\\frac{6x}{x+5}}`{=tex}.""}, {""record_type"": ""formula"", ""label"": ""formula-18"", ""content"": ""(2x-2)\\^2=(4x+2)(x-4).""}, {""record_type"": ""formula"", ""label"": ""formula-19"", ""content"": ""-8x+4=-14x-8""}, {""record_type"": ""formula"", ""label"": ""formula-20"", ""content"": ""6x=-12""}, {""record_type"": ""formula"", ""label"": ""formula-21"", ""content"": ""`\\boxed{x=-2}`{=tex}.""}, {""record_type"": ""formula"", ""label"": ""formula-22"", ""content"": ""x+y=550""}, {""record_type"": ""formula"", ""label"": ""formula-23"", ""content"": ""10x+5y=5000.""}, {""record_type"": ""formula"", ""label"": ""formula-24"", ""content"": ""2x+y=1000.""}, {""record_type"": ""formula"", ""label"": ""formula-25"", ""content"": ""x=450.""}, {""record_type"": ""formula"", ""label"": ""formula-26"", ""content"": ""y=100.""}, {""record_type"": ""formula"", ""label"": ""formula-27"", ""content"": ""`\\boxed{450\\text{ adults and }100\\text{ children}}`{=tex}.""}, {""record_type"": ""formula"", ""label"": ""formula-28"", ""content"": ""`\\frac{4-3i}{1-2i}`{=tex} `\\cdot`{=tex}\n`\\frac{1+2i}{1+2i}`{=tex}.""}, {""record_type"": ""formula"", ""label"": ""formula-29"", ""content"": ""```{=tex}\n\\frac{10+5i}{5}\n```""}, {""record_type"": ""formula"", ""label"": ""formula-30"", ""content"": ""`\\boxed{2+i}`{=tex}.""}, {""record_type"": ""formula"", ""label"": ""formula-31"", ""content"": ""`\\boxed{x=\\frac{-b\\pm\\sqrt{b^2-4ac}}{2a}}`{=tex}.""}, {""record_type"": ""formula"", ""label"": ""formula-32"", ""content"": ""-4x\\^2+8x-5=0:""}, {""record_type"": ""formula"", ""label"": ""formula-33"", ""content"": ""x= `\\frac{-8\\pm\\sqrt{64-80}}{-8}`{=tex} = `\\frac{-8\\pm4i}{-8}`{=tex}.""}, {""record_type"": ""formula"", ""label"": ""formula-34"", ""content"": ""`\\boxed{x=1\\pm\\frac{i}{2}}`{=tex}.""}, {""record_type"": ""formula"", ""label"": ""formula-35"", ""content"": ""5`\\left`{=tex}(`\\frac13`{=tex}`\\right`{=tex})=`\\frac53`{=tex}`\\text{ miles}`{=tex}.""}, {""record_type"": ""formula"", ""label"": ""formula-36"", ""content"": ""`\\frac53`{=tex}+5t=8t.""}, {""record_type"": ""formula"", ""label"": ""formula-37"", ""content"": ""t=`\\frac59`{=tex}`\\text{ hr}`{=tex}.""}, {""record_type"": ""formula"", ""label"": ""formula-38"", ""content"": ""`\\frac59`{=tex}(60)=`\\frac{100}{3}`{=tex}`\\text{ min}`{=tex}.""}, {""record_type"": ""formula"", ""label"": ""formula-39"", ""content"": ""`\\boxed{\\frac{100}{3}\\text{ minutes}\\approx33\\text{ minutes}}`{=tex}.""}, {""record_type"": ""formula"", ""label"": ""formula-40"", ""content"": ""2x^3-3x^2-8x+12=0""}, {""record_type"": ""formula"", ""label"": ""formula-41"", ""content"": ""x\\^2(2x-3)-4(2x-3)=0""}, {""record_type"": ""formula"", ""label"": ""formula-42"", ""content"": ""(x\\^2-4)(2x-3)=0""}, {""record_type"": ""formula"", ""label"": ""formula-43"", ""content"": ""(x-2)(x+2)(2x-3)=0.""}, {""record_type"": ""formula"", ""label"": ""formula-44"", ""content"": ""`\\boxed{x=2,\\,-2,\\,\\frac32}`{=tex}.""}, {""record_type"": ""formula"", ""label"": ""formula-45"", ""content"": ""`\\frac{94+83+87}{3}`{=tex}=88.""}, {""record_type"": ""formula"", ""label"": ""formula-46"", ""content"": ""`\\frac{88+x}{2}`{=tex}=90.""}, {""record_type"": ""formula"", ""label"": ""formula-47"", ""content"": ""x=92.""}, {""record_type"": ""formula"", ""label"": ""formula-48"", ""content"": ""`\\boxed{92\\%}`{=tex}.""}, {""record_type"": ""formula"", ""label"": ""formula-49"", ""content"": ""u=x\\^2.""}, {""record_type"": ""formula"", ""label"": ""formula-50"", ""content"": ""u\\^2-u-12=0""}, {""record_type"": ""formula"", ""label"": ""formula-51"", ""content"": ""(u-4)(u+3)=0.""}, {""record_type"": ""formula"", ""label"": ""formula-52"", ""content"": ""u=4`\\quad`{=tex}`\\text{or}`{=tex}`\\quad `{=tex}u=-3.""}, {""record_type"": ""formula"", ""label"": ""formula-53"", ""content"": ""`\\boxed{x=\\pm2}`{=tex}.""}, {""record_type"": ""formula"", ""label"": ""formula-54"", ""content"": ""x-1=-`\\sqrt{7-x}`{=tex}.""}, {""record_type"": ""formula"", ""label"": ""formula-55"", ""content"": ""(x-1)\\^2=7-x""}, {""record_type"": ""formula"", ""label"": ""formula-56"", ""content"": ""x\\^2-x-6=0""}, {""record_type"": ""formula"", ""label"": ""formula-57"", ""content"": ""(x-3)(x+2)=0.""}, {""record_type"": ""formula"", ""label"": ""formula-58"", ""content"": ""x=3,,-2.""}, {""record_type"": ""formula"", ""label"": ""formula-59"", ""content"": ""`\\boxed{x=-2}`{=tex}.""}, {""record_type"": ""formula"", ""label"": ""formula-60"", ""content"": ""`\\sqrt[3]{x^2-6x}`{=tex}=-2.""}, {""record_type"": ""formula"", ""label"": ""formula-61"", ""content"": ""x\\^2-6x=-8""}, {""record_type"": ""formula"", ""label"": ""formula-62"", ""content"": ""x\\^2-6x+8=0""}, {""record_type"": ""formula"", ""label"": ""formula-63"", ""content"": ""(x-4)(x-2)=0.""}, {""record_type"": ""formula"", ""label"": ""formula-64"", ""content"": ""`\\boxed{x=2,4}`{=tex}.""}, {""record_type"": ""formula"", ""label"": ""formula-65"", ""content"": ""A=P+Prt.""}, {""record_type"": ""formula"", ""label"": ""formula-66"", ""content"": ""A=P(1+rt).""}, {""record_type"": ""formula"", ""label"": ""formula-67"", ""content"": ""`\\boxed{P=\\frac{A}{1+rt}}`{=tex}.""}, {""record_type"": ""formula"", ""label"": ""formula-68"", ""content"": ""-5`\\le`{=tex}-3x+1\\<10""}, {""record_type"": ""formula"", ""label"": ""formula-69"", ""content"": ""-6`\\le`{=tex}-3x\\<9.""}, {""record_type"": ""formula"", ""label"": ""formula-70"", ""content"": ""2`\\ge `{=tex}x\\>-3.""}, {""record_type"": ""formula"", ""label"": ""formula-71"", ""content"": ""`\\boxed{(-3,2]}`{=tex}.""}, {""record_type"": ""formula"", ""label"": ""formula-72"", ""content"": ""\\|x+1\\|`\\ne0`{=tex}""}, {""record_type"": ""formula"", ""label"": ""formula-73"", ""content"": ""x`\\ne-1`{=tex}.""}, {""record_type"": ""formula"", ""label"": ""formula-74"", ""content"": ""`\\frac4{|x+1|}`{=tex}\\>1""}, {""record_type"": ""formula"", ""label"": ""formula-75"", ""content"": ""4\\>\\|x+1\\|""}, {""record_type"": ""formula"", ""label"": ""formula-76"", ""content"": ""\\|x+1\\|\\<4""}, {""record_type"": ""formula"", ""label"": ""formula-77"", ""content"": ""-4\\<x+1\\<4""}, {""record_type"": ""formula"", ""label"": ""formula-78"", ""content"": ""-5\\<x\\<3.""}, {""record_type"": ""formula"", ""label"": ""formula-79"", ""content"": ""`\\boxed{(-5,-1)\\cup(-1,3)}`{=tex}.""}, {""record_type"": ""formula"", ""label"": ""formula-80"", ""content"": ""`\\frac{x(x-2)}{x+3}`{=tex}\\<0.""}, {""record_type"": ""formula"", ""label"": ""formula-81"", ""content"": ""-3,`\\quad0`{=tex},`\\quad2`{=tex}.""}, {""record_type"": ""formula"", ""label"": ""formula-82"", ""content"": ""`\\boxed{(-\\infty,-3)\\cup(0,2)}`{=tex}.""}, {""record_type"": ""formula"", ""label"": ""formula-83"", ""content"": ""ax\\^2+bx+c=0""}, {""record_type"": ""formula"", ""label"": ""formula-84"", ""content"": ""x=`\\frac{-b\\pm\\sqrt{b^2-4ac}}{2a}`{=tex}.""}, {""record_type"": ""formula"", ""label"": ""formula-85"", ""content"": ""b\\^2-4ac\\<0.""}, {""record_type"": ""formula"", ""label"": ""formula-86"", ""content"": ""`\\sqrt{b^2-4ac}`{=tex}=di""}, {""record_type"": ""formula"", ""label"": ""formula-87"", ""content"": ""`\\frac{-b+di}{2a}`{=tex}\n`\\quad`{=tex}`\\text{and}`{=tex}`\\quad`{=tex} `\\frac{-b-di}{2a}`{=tex}.""}, {""record_type"": ""formula"", ""label"": ""formula-88"", ""content"": ""`\\boxed{\\text{Non-real roots occur as a conjugate pair.}}`{=tex}""}, {""record_type"": ""topic"", ""label"": ""complex numbers"", ""content"": ""complex numbers""}, {""record_type"": ""topic"", ""label"": ""factoring"", ""content"": ""factoring""}, {""record_type"": ""topic"", ""label"": ""functions"", ""content"": ""functions""}, {""record_type"": ""topic"", ""label"": ""inequalities"", ""content"": ""inequalities""}, {""record_type"": ""topic"", ""label"": ""quadratic equations"", ""content"": ""quadratic equations""}, {""record_type"": ""topic"", ""label"": ""radicals"", ""content"": ""radicals""}, {""record_type"": ""solution"", ""label"": ""Q.1"", ""content"": ""\\[ `\\left`{=tex}(`\\frac{a^2a^5}{b^{-2}}`{=tex}`\\right`{=tex})^2b^4 =\n`\\left`{=tex}(`\\frac{a^7}{b^{-2}}`{=tex}`\\right`{=tex})^2b^4 =\na^{14}b^4b\\^4 \\] \\[ `\\boxed{a^{14}b^8}`{=tex}. \\]""}, {""record_type"": ""solution"", ""label"": ""Q.2"", ""content"": ""\\[ `\\sqrt{a^3b^2}`{=tex}`\\sqrt{a^7b^4}`{=tex} =\n`\\sqrt{a^{10}b^6}`{=tex}. \\]\n\nBecause (a,b) may be any real numbers and this is a principal square\nroot: \\[ `\\boxed{|a^5b^3|}`{=tex}. \\]\n\nEquivalent forms include \\[ \\|a\\|^5\\|b\\|^3. \\]""}, {""record_type"": ""solution"", ""label"": ""Q.3"", ""content"": ""\\[ `\\frac{x^2y}{\\sqrt[3]{y^5}}`{=tex} =\n`\\frac{x^2}{\\sqrt[3]{y^2}}`{=tex}. \\]\n\nMultiply numerator and denominator by (`\\sqrt[3]{y}`{=tex}): \\[ `\\boxed{\n\\frac{x^2\\sqrt[3]{y}}{y}\n}`{=tex}. \\]""}, {""record_type"": ""solution"", ""label"": ""Q.4"", ""content"": ""\\[ `\\frac{5+\\sqrt{x}}{5-\\sqrt{x}}`{=tex} `\\cdot`{=tex}\n`\\frac{5-\\sqrt{x}}{5-\\sqrt{x}}`{=tex} \\]""}, {""record_type"": ""solution"", ""label"": ""Q.5"", ""content"": ""Factor: \\[ x\\^2+x-6=(x-2)(x+3). \\]\n\nThen \\[ `\\frac3{x-2}`{=tex}-`\\frac6{(x-2)(x+3)}`{=tex} =\n`\\frac{3(x+3)-6}{(x-2)(x+3)}`{=tex} \\]\n\n\\[ `\\boxed{\n\\frac{3(x+1)}{(x-2)(x+3)}\n}`{=tex}. \\]""}, {""record_type"": ""solution"", ""label"": ""Q.6"", ""content"": ""\\[ -2x\\^2+14x-20=-2(x-5)(x-2) \\] and \\[ x\\^2-25=(x-5)(x+5). \\]\n\nTherefore \\[ `\\frac{-2(x-5)(x-2)}{x-2}`{=tex} `\\div`{=tex}\n`\\frac{(x-5)(x+5)}{3x}`{=tex} \\]\n\n\\[ `\\boxed{-\\frac{6x}{x+5}}`{=tex}. \\]""}, {""record_type"": ""solution"", ""label"": ""Q.7"", ""content"": ""Expand: \\[ (2x-2)\\^2=(4x+2)(x-4). \\]\n\nThe (4x\\^2) terms cancel: \\[ -8x+4=-14x-8 \\] \\[ 6x=-12 \\] \\[\n`\\boxed{x=-2}`{=tex}. \\]""}, {""record_type"": ""solution"", ""label"": ""Q.8"", ""content"": ""Let (x) be adults and (y) children: \\[ x+y=550 \\] \\[ 10x+5y=5000. \\]\n\nDivide the second equation by (5): \\[ 2x+y=1000. \\]\n\nSubtract: \\[ x=450. \\]\n\nThen \\[ y=100. \\]\n\n\\[ `\\boxed{450\\text{ adults and }100\\text{ children}}`{=tex}. \\]""}, {""record_type"": ""solution"", ""label"": ""Q.9"", ""content"": ""Multiply by the conjugate: \\[ `\\frac{4-3i}{1-2i}`{=tex} `\\cdot`{=tex}\n`\\frac{1+2i}{1+2i}`{=tex}. \\]""}, {""record_type"": ""solution"", ""label"": ""Q.10"", ""content"": ""Quadratic formula: \\[ `\\boxed{x=\\frac{-b\\pm\\sqrt{b^2-4ac}}{2a}}`{=tex}.\n\\]\n\nFor \\[ -4x\\^2+8x-5=0: \\]\n\n\\[ x= `\\frac{-8\\pm\\sqrt{64-80}}{-8}`{=tex} = `\\frac{-8\\pm4i}{-8}`{=tex}.\n\\]\n\nThus \\[ `\\boxed{x=1\\pm\\frac{i}{2}}`{=tex}. \\]""}, {""record_type"": ""solution"", ""label"": ""Q.11"", ""content"": ""Alice's 20-minute head start is \\[\n5`\\left`{=tex}(`\\frac13`{=tex}`\\right`{=tex})=`\\frac53`{=tex}`\\text{ miles}`{=tex}.\n\\]\n\nLet (t) be hours after Bob starts: \\[ `\\frac53`{=tex}+5t=8t. \\]\n\n\\[ t=`\\frac59`{=tex}`\\text{ hr}`{=tex}. \\]\n\nConvert to minutes: \\[\n`\\frac59`{=tex}(60)=`\\frac{100}{3}`{=tex}`\\text{ min}`{=tex}. \\]\n\n\\[ `\\boxed{\\frac{100}{3}\\text{ minutes}\\approx33\\text{ minutes}}`{=tex}.\n\\]\n\nThe source solution includes a hand-drawn diagram on page 10 showing\nAlice ahead of Bob when Bob begins running.""}, {""record_type"": ""solution"", ""label"": ""Q.12"", ""content"": ""\\[ 2x^3-3x^2-8x+12=0 \\]\n\nGroup: \\[ x\\^2(2x-3)-4(2x-3)=0 \\]\n\n\\[ (x\\^2-4)(2x-3)=0 \\]\n\n\\[ (x-2)(x+2)(2x-3)=0. \\]\n\nTherefore \\[ `\\boxed{x=2,\\,-2,\\,\\frac32}`{=tex}. \\]""}, {""record_type"": ""solution"", ""label"": ""Q.13"", ""content"": ""Average midterm score: \\[ `\\frac{94+83+87}{3}`{=tex}=88. \\]\n\nSince the midterm average and final are equally weighted: \\[\n`\\frac{88+x}{2}`{=tex}=90. \\]\n\n\\[ x=92. \\]\n\n\\[ `\\boxed{92\\%}`{=tex}. \\]""}, {""record_type"": ""solution"", ""label"": ""Q.14"", ""content"": ""Let \\[ u=x\\^2. \\]\n\nThen \\[ u\\^2-u-12=0 \\]\n\n\\[ (u-4)(u+3)=0. \\]\n\nThus \\[ u=4`\\quad`{=tex}`\\text{or}`{=tex}`\\quad `{=tex}u=-3. \\]\n\nOnly (u=4) gives real (x): \\[ `\\boxed{x=\\pm2}`{=tex}. \\]""}, {""record_type"": ""solution"", ""label"": ""Q.15"", ""content"": ""\\[ x-1=-`\\sqrt{7-x}`{=tex}. \\]\n\nSquare both sides: \\[ (x-1)\\^2=7-x \\]\n\n\\[ x\\^2-x-6=0 \\]\n\n\\[ (x-3)(x+2)=0. \\]\n\nCandidates: \\[ x=3,,-2. \\]\n\nChecking the original equation shows (x=3) is extraneous and (x=-2)\nworks.\n\n\\[ `\\boxed{x=-2}`{=tex}. \\]""}, {""record_type"": ""solution"", ""label"": ""Q.16"", ""content"": ""\\[ `\\sqrt[3]{x^2-6x}`{=tex}=-2. \\]\n\nCube both sides: \\[ x\\^2-6x=-8 \\]\n\n\\[ x\\^2-6x+8=0 \\]\n\n\\[ (x-4)(x-2)=0. \\]\n\n\\[ `\\boxed{x=2,4}`{=tex}. \\]""}, {""record_type"": ""solution"", ""label"": ""Q.17"", ""content"": ""\\[ A=P+Prt. \\]\n\nFactor (P): \\[ A=P(1+rt). \\]\n\nTherefore \\[ `\\boxed{P=\\frac{A}{1+rt}}`{=tex}. \\]""}, {""record_type"": ""solution"", ""label"": ""Q.18"", ""content"": ""\\[ -5`\\le`{=tex}-3x+1\\<10 \\]\n\n\\[ -6`\\le`{=tex}-3x\\<9. \\]\n\nDivide by (-3) and reverse the inequalities: \\[ 2`\\ge `{=tex}x\\>-3. \\]\n\nThus \\[ `\\boxed{(-3,2]}`{=tex}. \\]""}, {""record_type"": ""solution"", ""label"": ""Q.19"", ""content"": ""Domain restriction: \\[ \\|x+1\\|`\\ne0`{=tex} \\] so \\[ x`\\ne-1`{=tex}. \\]\n\nSolve: \\[ `\\frac4{|x+1|}`{=tex}\\>1 \\]\n\n\\[ 4\\>\\|x+1\\| \\]\n\n\\[ \\|x+1\\|\\<4 \\]\n\n\\[ -4\\<x+1\\<4 \\]\n\n\\[ -5\\<x\\<3. \\]\n\nExclude (x=-1): \\[ `\\boxed{(-5,-1)\\cup(-1,3)}`{=tex}. \\]""}, {""record_type"": ""solution"", ""label"": ""Q.20"", ""content"": ""\\[ `\\frac{x(x-2)}{x+3}`{=tex}\\<0. \\]\n\nCritical values: \\[ -3,`\\quad0`{=tex},`\\quad2`{=tex}. \\]\n\nSign table:\n\n  Interval                   \\(x\\)   (x-2)   (x+3)   Expression\n  ------------------------ ------- ------- ------- ------------\n  ((-`\\infty`{=tex},-3))       (-)     (-)     (-)          (-)\n  ((-3,0))                     (-)     (-)     (+)          (+)\n  ((0,2))                      (+)     (-)     (+)          (-)\n  ((2,`\\infty`{=tex}))         (+)     (+)     (+)          (+)\n\nTherefore \\[ `\\boxed{(-\\infty,-3)\\cup(0,2)}`{=tex}. \\]""}]"
SRC-MD-46C115701093,sources/tests/Test_3_Review.md,review,cumulative,Test 3 Review - Human-Readable Markdown Edition,"[""exponential equations"", ""exponential functions"", ""factoring"", ""function composition"", ""functions"", ""inverse functions"", ""logarithmic equations"", ""logarithms"", ""polynomials""]",14,0,16,2963,46c1157010930a9ec88602726e5e99db820331a88328e027f22d8adaba7e596f,complete,"[{""record_type"": ""question"", ""label"": ""Q.1 - Composite Functions"", ""content"": ""Find (a) ((f`\\circ `{=tex}g)(x)) and the domain of (f`\\circ `{=tex}g),\nand (b) ((g`\\circ `{=tex}f)(x)) and the domain of (g`\\circ `{=tex}f).""}, {""record_type"": ""question"", ""label"": ""Q.2 - Cable Corrosion"", ""content"": ""A 100-foot-long cable of diameter 4 inches is submerged in seawater.\nBecause of corrosion, the surface area of the cable decreases at the\nrate of\n\n\\[ 750`\\text{ in}`{=tex}\\^2`\\text{ per year}`{=tex}. \\]\n\nExpress the diameter (d) of the cable as a function of time (t) (in\nyears). Disregard corrosion at the ends of the cable.""}, {""record_type"": ""question"", ""label"": ""Q.3 - Domain and Range"", ""content"": ""The function\n\n\\[ f(x)=`\\frac{2x-7}{9x+1}`{=tex} \\]\n\nis one-to-one. Find its domain. Find its range.\n\n**Hint:** For the second part, remember that the range of (f(x)) is the\ndomain of (f\\^{-1}(x)).""}, {""record_type"": ""question"", ""label"": ""Q.4 - Car Loan"", ""content"": ""An automobile dealer offers customers no-down-payment 3-year loans at an\ninterest rate of (10%). If a customer can afford to pay \\$500 per month,\nfind the price of the most expensive car that can be purchased.""}, {""record_type"": ""question"", ""label"": ""Q.5 - Consumer Price Index"", ""content"": ""The CPI is the most widely used measure of inflation. In 1970, the CPI\nwas (37.8), and in 2000, the CPI was (168.8). This means that an urban\nconsumer who paid \\$37.80 for a market basket of consumer goods and\nservices in 1970 would have needed \\$168.80 for similar goods and\nservices in 2000.\n\nFind a simple exponential function of the form\n\n\\[ y=ab\\^t \\]\n\nthat models the CPI for 1970-2000, and predict its value for 2010.""}, {""record_type"": ""question"", ""label"": ""Q.6 - Exponential Equation"", ""content"": ""Find all real solutions to\n\n\\[ `\\boxed{e^{x^2}=e^{7x-12}}`{=tex}. \\]""}, {""record_type"": ""question"", ""label"": ""Q.7 - Zeroes / Roots"", ""content"": ""Find all zeroes/roots of\n\n\\[ `\\boxed{f(x)=4x^3e^{4x}+3x^2e^{4x}}`{=tex}. \\]""}, {""record_type"": ""question"", ""label"": ""Q.8"", ""content"": ""The original review contains Q.8 as an embedded source image rather than\nextractable PDF text. The original page is preserved in the\n`source_pages` folder of this batch so the question is not discarded or\nguessed.""}, {""record_type"": ""question"", ""label"": ""Q.9 - Logarithmic Equation"", ""content"": ""Find all real solutions to\n\n\\[ `\\boxed{\\log_3(x+3)+\\log_3(x+5)=1}`{=tex} \\]\n\nand check that they all make sense.""}, {""record_type"": ""question"", ""label"": ""Q.10 - Exponential Equation"", ""content"": ""Find all real solutions to\n\n\\[ `\\boxed{3^{\\,2-3x}=4^{\\,2x+1}}`{=tex}. \\]""}, {""record_type"": ""question"", ""label"": ""Q.11 - Graphing"", ""content"": ""Sketch the graph of\n\n\\[ `\\boxed{y=-x^3+3x^2+10x}`{=tex} \\]\n\non the grid provided in the original review.""}, {""record_type"": ""question"", ""label"": ""Q.12 - Polynomial Roots"", ""content"": ""\\(k\\) is some unknown constant. If one zero/root of\n\n\\[ f(x)=x^3-2x^2-16x+16k \\]\n\nis\n\n\\[ x=2, \\]\n\nfind all of (f(x))'s roots.\n\n**Hint:** First find (k).""}, {""record_type"": ""question"", ""label"": ""Q.13 - Polynomial Division"", ""content"": ""Find the quotient and remainder if\n\n\\[ 2x^3-10x^2+x-2 \\]\n\nis divided by\n\n\\[ 2x\\^2+1. \\]""}, {""record_type"": ""question"", ""label"": ""Q.14 - Factor Theorem"", ""content"": ""Show that\n\n\\[ x-3 \\]\n\ndivides\n\n\\[ 3x^3-10x^2+7x-12 \\]\n\nwithout doing polynomial long division.""}, {""record_type"": ""formula"", ""label"": ""formula-1"", ""content"": ""f(x)=x\\^2-3x,`\\qquad `{=tex}g(x)=`\\sqrt{x+2}`{=tex}.""}, {""record_type"": ""formula"", ""label"": ""formula-2"", ""content"": ""f(x)=`\\sqrt{x-15}`{=tex},`\\qquad `{=tex}g(x)=x\\^2+2x.""}, {""record_type"": ""formula"", ""label"": ""formula-3"", ""content"": ""750`\\text{ in}`{=tex}\\^2`\\text{ per year}`{=tex}.""}, {""record_type"": ""formula"", ""label"": ""formula-4"", ""content"": ""f(x)=`\\frac{2x-7}{9x+1}`{=tex}""}, {""record_type"": ""formula"", ""label"": ""formula-5"", ""content"": ""y=ab\\^t""}, {""record_type"": ""formula"", ""label"": ""formula-6"", ""content"": ""`\\boxed{e^{x^2}=e^{7x-12}}`{=tex}.""}, {""record_type"": ""formula"", ""label"": ""formula-7"", ""content"": ""`\\boxed{f(x)=4x^3e^{4x}+3x^2e^{4x}}`{=tex}.""}, {""record_type"": ""formula"", ""label"": ""formula-8"", ""content"": ""`\\boxed{\\log_3(x+3)+\\log_3(x+5)=1}`{=tex}""}, {""record_type"": ""formula"", ""label"": ""formula-9"", ""content"": ""`\\boxed{3^{\\,2-3x}=4^{\\,2x+1}}`{=tex}.""}, {""record_type"": ""formula"", ""label"": ""formula-10"", ""content"": ""`\\boxed{y=-x^3+3x^2+10x}`{=tex}""}, {""record_type"": ""formula"", ""label"": ""formula-11"", ""content"": ""f(x)=x^3-2x^2-16x+16k""}, {""record_type"": ""formula"", ""label"": ""formula-12"", ""content"": ""x=2,""}, {""record_type"": ""formula"", ""label"": ""formula-13"", ""content"": ""2x^3-10x^2+x-2""}, {""record_type"": ""formula"", ""label"": ""formula-14"", ""content"": ""2x\\^2+1.""}, {""record_type"": ""formula"", ""label"": ""formula-15"", ""content"": ""x-3""}, {""record_type"": ""formula"", ""label"": ""formula-16"", ""content"": ""3x^3-10x^2+7x-12""}, {""record_type"": ""topic"", ""label"": ""exponential equations"", ""content"": ""exponential equations""}, {""record_type"": ""topic"", ""label"": ""exponential functions"", ""content"": ""exponential functions""}, {""record_type"": ""topic"", ""label"": ""factoring"", ""content"": ""factoring""}, {""record_type"": ""topic"", ""label"": ""function composition"", ""content"": ""function composition""}, {""record_type"": ""topic"", ""label"": ""functions"", ""content"": ""functions""}, {""record_type"": ""topic"", ""label"": ""inverse functions"", ""content"": ""inverse functions""}, {""record_type"": ""topic"", ""label"": ""logarithmic equations"", ""content"": ""logarithmic equations""}, {""record_type"": ""topic"", ""label"": ""logarithms"", ""content"": ""logarithms""}, {""record_type"": ""topic"", ""label"": ""polynomials"", ""content"": ""polynomials""}]"
SRC-MD-17663345CDF1,sources/tests/Test_3_Review_Human_Readable_Complete.md,review,cumulative,Test 3 Review --- Human-Readable Markdown,"[""coordinate plane"", ""exponential equations"", ""exponential functions"", ""factoring"", ""function composition"", ""functions"", ""inverse functions"", ""logarithmic equations"", ""logarithms"", ""polynomials""]",14,0,16,6131,17663345cdf1f5a4075efc95379463fa4dcfa37e7304e0974416bf155651460f,complete,"[{""record_type"": ""question"", ""label"": ""Q.1 --- Composite Functions"", ""content"": ""**Exercises 21--34:** Find:\n\n1.  ((f `\\circ `{=tex}g)(x)) and the domain of (f `\\circ `{=tex}g)\n2.  ((g `\\circ `{=tex}f)(x)) and the domain of (g `\\circ `{=tex}f)""}, {""record_type"": ""question"", ""label"": ""Q.2 --- Cable Corrosion"", ""content"": ""A 100-foot-long cable of diameter 4 inches is submerged in seawater.\nBecause of corrosion, the surface area of the cable decreases at the\nrate of (750`\\text{ in}`{=tex}\\^2) per year.\n\nExpress the diameter (d) of the cable as a function of time (t) (in\nyears).\n\n*Disregard corrosion at the ends of the cable.*\n\n**Human-readable mathematical information**\n\n\\[\nL=100`\\text{ ft}`{=tex},`\\qquad `{=tex}d(0)=4`\\text{ in}`{=tex},`\\qquad`{=tex}\n`\\frac{\\Delta S}{\\Delta t}`{=tex}=-750`\\text{ in}`{=tex}\\^2/`\\text{year}`{=tex}\n\\]\n\n**Computer-readable (LaTeX)**\n\n``` latex\nL=100\\text{ ft},\\qquad d(0)=4\\text{ in},\\qquad\n\\frac{\\Delta S}{\\Delta t}=-750\\text{ in}^2/\\text{year}\n```\n\n------------------------------------------------------------------------""}, {""record_type"": ""question"", ""label"": ""Q.3 --- Domain and Range"", ""content"": ""The function\n\n\\[ f(x)=`\\frac{2x-7}{9x+1}`{=tex} \\]\n\nis one-to-one.\n\n1.  Find its domain.\n2.  Find its range.\n\n**Hint:** For the second part, remember that the range of (f(x)) is the\ndomain of (f\\^{-1}(x)).\n\n**Computer-readable (LaTeX)**\n\n``` latex\nf(x)=\\frac{2x-7}{9x+1}\n\n\\operatorname{range}(f)=\\operatorname{domain}(f^{-1})\n```\n\n------------------------------------------------------------------------""}, {""record_type"": ""question"", ""label"": ""Q.4 --- Car Loan"", ""content"": ""An automobile dealer offers customers no-down-payment 3-year loans at an\ninterest rate of 10%.\n\nIf a customer can afford to pay **\\$500 per month**, find the price of\nthe most expensive car that can be purchased.\n\n**Human-readable mathematical information**\n\n\\[ `\\text{Loan term}`{=tex}=3`\\text{ years}`{=tex},`\\qquad`{=tex}\nr=10%,`\\qquad`{=tex} `\\text{monthly payment}`{=tex}=\\$500 \\]\n\n**Computer-readable (LaTeX)**\n\n``` latex\n\\text{Loan term}=3\\text{ years},\\qquad\nr=10\\%,\\qquad\n\\text{monthly payment}=\\$500\n```\n\n------------------------------------------------------------------------""}, {""record_type"": ""question"", ""label"": ""Q.5 --- Consumer Price Index"", ""content"": ""The CPI is the most widely used measure of inflation.\n\nIn 1970, the CPI was 37.8, and in 2000, the CPI was 168.8. This means\nthat an urban consumer who paid \\$37.80 for a market basket of consumer\ngoods and services in 1970 would have needed \\$168.80 for similar goods\nand services in 2000.\n\nFind a simple exponential function of the form\n\n\\[ y=ab\\^t \\]\n\nthat models the CPI for 1970--2000, and predict its value for 2010.\n\n**Computer-readable (LaTeX)**\n\n``` latex\ny=ab^t\n```\n\n------------------------------------------------------------------------""}, {""record_type"": ""question"", ""label"": ""Q.6 --- Exponential Equation"", ""content"": ""Find all real solutions to the equation\n\n\\[ e^{x^2}=e\\^{7x-12}. \\]\n\n**Computer-readable (LaTeX)**\n\n``` latex\ne^{x^2}=e^{7x-12}\n```\n\n------------------------------------------------------------------------""}, {""record_type"": ""question"", ""label"": ""Q.7 --- Zeroes / Roots"", ""content"": ""Find all zeroes/roots of the function\n\n\\[ f(x)=4x^3e^{4x}+3x^2e^{4x}. \\]\n\n**Computer-readable (LaTeX)**\n\n``` latex\nf(x)=4x^3e^{4x}+3x^2e^{4x}\n```\n\n------------------------------------------------------------------------""}, {""record_type"": ""question"", ""label"": ""Q.8 --- Radioactive Iodine Decay"", ""content"": ""Radioactive iodine (\\^{131}`\\mathrm{I}`{=tex}) is frequently used in\ntracer studies involving the thyroid gland.\n\nThe substance decays according to the formula\n\n\\[ A(t)=A_0a\\^{-t}, \\]\n\nwhere (A_0) is the initial dose and (t) is the time in days.\n\nFind (a), assuming the half-life of (\\^{131}`\\mathrm{I}`{=tex}) is 8\ndays.\n\n**Computer-readable (LaTeX)**\n\n``` latex\nA(t)=A_0a^{-t}\n```\n\n------------------------------------------------------------------------""}, {""record_type"": ""question"", ""label"": ""Q.9 --- Logarithmic Equation"", ""content"": ""Find all real solutions to the equation\n\n\\[ `\\log`{=tex}\\_3(x+3)+`\\log`{=tex}\\_3(x+5)=1 \\]\n\nand check that they all make sense.\n\n**Computer-readable (LaTeX)**\n\n``` latex\n\\log_3(x+3)+\\log_3(x+5)=1\n```\n\n------------------------------------------------------------------------""}, {""record_type"": ""question"", ""label"": ""Q.10 --- Exponential Equation"", ""content"": ""Find all real solutions to the equation\n\n\\[ 3^{2-3x}=4^{2x+1}. \\]\n\n**Computer-readable (LaTeX)**\n\n``` latex\n3^{2-3x}=4^{2x+1}\n```\n\n------------------------------------------------------------------------""}, {""record_type"": ""question"", ""label"": ""Q.11 --- Graphing"", ""content"": ""Sketch the graph of\n\n\\[ y=-x^3+3x^2+10x \\]\n\non a coordinate grid.\n\n**Computer-readable (LaTeX)**\n\n``` latex\ny=-x^3+3x^2+10x\n```\n\n------------------------------------------------------------------------""}, {""record_type"": ""question"", ""label"": ""Q.12 --- Polynomial Roots"", ""content"": ""\\(k\\) is some unknown constant.\n\nIf one zero/root of\n\n\\[ f(x)=x^3-2x^2-16x+16k \\]\n\nis (x=2), find all of (f(x))'s roots.\n\n**Hint:** First find (k).\n\n**Computer-readable (LaTeX)**\n\n``` latex\nf(x)=x^3-2x^2-16x+16k,\\qquad x=2\n```\n\n------------------------------------------------------------------------""}, {""record_type"": ""question"", ""label"": ""Q.13 --- Polynomial Division"", ""content"": ""Find the quotient and remainder if\n\n\\[ 2x^3-10x^2+x-2 \\]\n\nis divided by\n\n\\[ 2x\\^2+1. \\]\n\n**Computer-readable (LaTeX)**\n\n``` latex\n\\frac{2x^3-10x^2+x-2}{2x^2+1}\n```\n\n------------------------------------------------------------------------""}, {""record_type"": ""question"", ""label"": ""Q.14 --- Factor Theorem"", ""content"": ""Show that (x-3) divides the polynomial\n\n\\[ 3x^3-10x^2+7x-12 \\]\n\nwithout doing polynomial long division.\n\n**Computer-readable (LaTeX)**\n\n``` latex\nx-3\\ \\text{ divides }\\ 3x^3-10x^2+7x-12\n```""}, {""record_type"": ""formula"", ""label"": ""formula-1"", ""content"": ""f(x)=x\\^2-3x,`\\qquad `{=tex}g(x)=`\\sqrt{x+2}`{=tex}""}, {""record_type"": ""formula"", ""label"": ""formula-2"", ""content"": ""f(x)=`\\sqrt{x-15}`{=tex},`\\qquad `{=tex}g(x)=x\\^2+2x""}, {""record_type"": ""formula"", ""label"": ""formula-3"", ""content"": ""L=100`\\text{ ft}`{=tex},`\\qquad `{=tex}d(0)=4`\\text{ in}`{=tex},`\\qquad`{=tex}\n`\\frac{\\Delta S}{\\Delta t}`{=tex}=-750`\\text{ in}`{=tex}\\^2/`\\text{year}`{=tex}""}, {""record_type"": ""formula"", ""label"": ""formula-4"", ""content"": ""f(x)=`\\frac{2x-7}{9x+1}`{=tex}""}, {""record_type"": ""formula"", ""label"": ""formula-5"", ""content"": ""`\\text{Loan term}`{=tex}=3`\\text{ years}`{=tex},`\\qquad`{=tex}\nr=10%,`\\qquad`{=tex} `\\text{monthly payment}`{=tex}=\\$500""}, {""record_type"": ""formula"", ""label"": ""formula-6"", ""content"": ""y=ab\\^t""}, {""record_type"": ""formula"", ""label"": ""formula-7"", ""content"": ""e^{x^2}=e\\^{7x-12}.""}, {""record_type"": ""formula"", ""label"": ""formula-8"", ""content"": ""f(x)=4x^3e^{4x}+3x^2e^{4x}.""}, {""record_type"": ""formula"", ""label"": ""formula-9"", ""content"": ""A(t)=A_0a\\^{-t},""}, {""record_type"": ""formula"", ""label"": ""formula-10"", ""content"": ""`\\log`{=tex}\\_3(x+3)+`\\log`{=tex}\\_3(x+5)=1""}, {""record_type"": ""formula"", ""label"": ""formula-11"", ""content"": ""3^{2-3x}=4^{2x+1}.""}, {""record_type"": ""formula"", ""label"": ""formula-12"", ""content"": ""y=-x^3+3x^2+10x""}, {""record_type"": ""formula"", ""label"": ""formula-13"", ""content"": ""f(x)=x^3-2x^2-16x+16k""}, {""record_type"": ""formula"", ""label"": ""formula-14"", ""content"": ""2x^3-10x^2+x-2""}, {""record_type"": ""formula"", ""label"": ""formula-15"", ""content"": ""2x\\^2+1.""}, {""record_type"": ""formula"", ""label"": ""formula-16"", ""content"": ""3x^3-10x^2+7x-12""}, {""record_type"": ""topic"", ""label"": ""coordinate plane"", ""content"": ""coordinate plane""}, {""record_type"": ""topic"", ""label"": ""exponential equations"", ""content"": ""exponential equations""}, {""record_type"": ""topic"", ""label"": ""exponential functions"", ""content"": ""exponential functions""}, {""record_type"": ""topic"", ""label"": ""factoring"", ""content"": ""factoring""}, {""record_type"": ""topic"", ""label"": ""function composition"", ""content"": ""function composition""}, {""record_type"": ""topic"", ""label"": ""functions"", ""content"": ""functions""}, {""record_type"": ""topic"", ""label"": ""inverse functions"", ""content"": ""inverse functions""}, {""record_type"": ""topic"", ""label"": ""logarithmic equations"", ""content"": ""logarithmic equations""}, {""record_type"": ""topic"", ""label"": ""logarithms"", ""content"": ""logarithms""}, {""record_type"": ""topic"", ""label"": ""polynomials"", ""content"": ""polynomials""}]"
